日期,編號,項目,狀態,負責人,備註,單位,客戶,耗時分鐘,金額
2026/6/2,L266154,其他,已結案,OP-144,已回報,研發,順發,168,49.74
0625,L269555,其他,合格,OP-136,,品保,大宏,167,25.35
7月3日,L262915,C 類,,OP-117,待確認,製造,力鋼,87,29.0
2026/7/22,L264641,C 類,不合格,OP-143,,營運,永利,77,58.16
0601,L263993,C 類,待處理,OP-145,,資材,捷欣,125,85.48
6月17日,L263451,其他,已結案,OP-125,,資材,順發,26,76.92
2026/6/27,L269178,其他,,OP-143,,資材,東昇,62,77.54
6月6日,L263646,B 類,已結案,OP-126,,製造,大宏,230,54.13
2026/7/2,L260383,其他,待處理,OP-127,,營運,東昇,5,40.62
7月8日,L266720,A 類,合格,OP-142,,營運,永利,229,76.78
6月11日,L261489,A 類,合格,OP-137,待確認,資材,東昇,194,18.36
0712,L263041,其他,,OP-125,已回報,資材,大宏,8,90.95
0622,L266664,A 類,待處理,OP-139,,製造,永利,77,66.59
6月17日,L265684,其他,合格,OP-114,,資材,大宏,231,69.44
6月17日,L269379,其他,不合格,OP-136,已回報,品保,順發,109,54.43
2026/7/21,L266986,C 類,待處理,OP-139,已回報,研發,力鋼,171,59.52
6月22日,L261988,其他,不合格,OP-110,,製造,力鋼,202,86.64
0728,L261791,C 類,,OP-102,待確認,營運,力鋼,184,32.65
2026/6/11,L264234,C 類,合格,OP-125,,營運,力鋼,86,78.17
0609,L262078,其他,,OP-134,,研發,力鋼,225,73.18
2026/7/14,L263616,B 類,待處理,OP-123,,資材,捷欣,182,74.87
7月7日,L260656,其他,,OP-110,,品保,捷欣,198,94.09
7月25日,L267952,其他,不合格,OP-140,,營運,大宏,126,54.22
2026/7/27,L264631,其他,不合格,OP-136,,資材,順發,120,78.24
2026/6/4,L269678,C 類,,OP-145,已回報,營運,東昇,111,74.84
6月29日,L269627,A 類,不合格,OP-102,,製造,永利,142,8.29
0620,L262566,其他,不合格,OP-119,待確認,營運,大宏,3,77.45
0705,L265183,其他,已結案,OP-139,待確認,資材,力鋼,208,9.97
6月4日,L269240,C 類,不合格,OP-134,,資材,力鋼,191,82.3
0703,L266078,B 類,,OP-120,,製造,順發,214,0.98
0708,L269386,A 類,合格,OP-123,,製造,順發,207,77.99
0726,L264995,C 類,,OP-137,,資材,力鋼,179,27.25
7月2日,L265722,C 類,不合格,OP-121,,營運,大宏,95,18.76
0626,L263815,C 類,不合格,OP-141,,製造,力鋼,209,35.39
6月22日,L266621,C 類,,OP-119,已回報,品保,力鋼,37,76.22
2026/7/15,L261324,C 類,,OP-121,已回報,資材,捷欣,29,56.66
0714,L267485,C 類,合格,OP-128,待確認,研發,力鋼,217,61.8
7月19日,L265211,B 類,待處理,OP-131,,營運,東昇,53,40.45
7月24日,L269115,B 類,不合格,OP-130,,品保,大宏,140,43.68
0613,L267292,B 類,已結案,OP-118,待確認,研發,順發,209,48.86
2026/6/16,L267671,A 類,已結案,OP-116,,資材,大宏,113,82.52
0713,L267038,其他,不合格,OP-119,,品保,捷欣,108,4.79
0704,L260278,B 類,,OP-108,已回報,營運,東昇,93,31.56
7月18日,L261397,C 類,已結案,OP-102,,營運,順發,19,48.88
0611,L265971,B 類,已結案,OP-114,,研發,捷欣,240,16.76
6月12日,L269615,A 類,不合格,OP-134,,資材,永利,39,35.75
0617,L262122,A 類,已結案,OP-137,,研發,永利,68,1.97
0723,L266477,B 類,,OP-118,,營運,順發,233,22.36
7月15日,L267860,C 類,合格,OP-111,,營運,東昇,38,7.88
2026/6/12,L263274,B 類,已結案,OP-143,待確認,資材,順發,63,52.67
2026/7/26,L266997,其他,已結案,OP-109,,品保,東昇,130,69.98
2026/7/30,L266629,B 類,,OP-125,,資材,東昇,107,2.2
7月14日,L267966,C 類,合格,OP-108,待確認,營運,順發,50,49.42
7月3日,L260048,其他,已結案,OP-111,已回報,品保,捷欣,36,71.51
6月9日,L264558,其他,不合格,OP-107,待確認,研發,永利,165,61.5
2026/6/12,L262958,A 類,待處理,OP-101,待確認,資材,捷欣,126,46.22
0716,L268542,其他,合格,OP-145,,營運,東昇,206,19.15
2026/7/8,L267084,A 類,待處理,OP-133,,資材,捷欣,225,71.13
2026/6/12,L268044,A 類,已結案,OP-127,待確認,製造,捷欣,57,76.79
0724,L267963,B 類,已結案,OP-103,待確認,研發,捷欣,206,76.55
7月28日,L266723,A 類,已結案,OP-142,,製造,力鋼,152,74.51
6月29日,L261393,A 類,待處理,OP-110,,品保,永利,221,34.22
2026/7/20,L262567,C 類,待處理,OP-133,,製造,東昇,50,13.37
2026/6/4,L266351,C 類,,OP-127,,研發,東昇,22,37.74
0716,L262968,其他,不合格,OP-118,,營運,順發,175,95.7
2026/7/5,L265615,A 類,合格,OP-121,,品保,大宏,98,76.94
2026/7/24,L263692,A 類,待處理,OP-119,,營運,東昇,192,60.37
2026/6/28,L267623,B 類,,OP-117,待確認,營運,力鋼,173,83.41
2026/7/7,L263317,A 類,合格,OP-136,,資材,永利,108,68.38
7月6日,L263222,其他,待處理,OP-113,,研發,力鋼,156,78.23
2026/7/8,L260544,其他,已結案,OP-104,待確認,製造,捷欣,47,91.57
0721,L263672,其他,不合格,OP-130,,資材,永利,133,32.56
6月19日,L260287,B 類,已結案,OP-139,待確認,品保,永利,239,28.86
2026/6/25,L269916,其他,合格,OP-136,,營運,大宏,120,41.08
7月18日,L269359,其他,已結案,OP-110,,營運,捷欣,68,83.9
0715,L266943,A 類,待處理,OP-120,,資材,順發,108,51.31
2026/6/21,L264958,其他,待處理,OP-139,,品保,順發,146,42.63
6月21日,L267971,B 類,,OP-115,待確認,資材,力鋼,225,45.23
2026/7/2,L269490,A 類,已結案,OP-116,已回報,品保,順發,181,7.68
6月13日,L264340,B 類,合格,OP-142,,製造,東昇,182,0.96
0719,L266959,C 類,,OP-115,已回報,研發,力鋼,44,14.54
0627,L264175,其他,,OP-127,待確認,營運,力鋼,42,68.65
0722,L267331,B 類,,OP-148,,營運,力鋼,231,72.45
6月28日,L262913,A 類,已結案,OP-104,,研發,東昇,48,22.55
2026/7/1,L263323,C 類,,OP-133,,研發,捷欣,1,67.25
7月14日,L260373,B 類,,OP-137,,研發,順發,162,23.02
0728,L265042,其他,,OP-119,,營運,大宏,126,79.4
2026/6/27,L260936,B 類,,OP-103,,資材,順發,185,17.82
0601,L260634,其他,合格,OP-148,待確認,製造,捷欣,26,72.49
7月21日,L260596,A 類,,OP-116,,品保,永利,213,23.95
2026/6/14,L267177,B 類,,OP-140,,營運,大宏,53,23.47
0610,L261622,其他,,OP-138,,資材,順發,15,48.7
2026/7/6,L263216,其他,待處理,OP-125,,營運,捷欣,198,45.03
2026/6/3,L260575,其他,不合格,OP-126,,製造,東昇,167,58.61
0617,L269768,C 類,待處理,OP-103,,品保,東昇,46,40.4
0602,L269839,B 類,待處理,OP-106,,製造,力鋼,163,74.02
6月25日,L268310,其他,合格,OP-110,,資材,順發,193,75.26
0605,L264596,其他,合格,OP-140,待確認,資材,大宏,54,85.1
7月5日,L268225,C 類,合格,OP-110,,製造,力鋼,194,4.71
6月6日,L261613,C 類,已結案,OP-130,,製造,力鋼,196,36.56
2026/6/25,L266484,B 類,已結案,OP-103,待確認,品保,永利,76,3.37
7月3日,L266758,A 類,,OP-101,,資材,力鋼,222,50.64
0611,L262023,C 類,不合格,OP-142,,品保,永利,15,77.67
2026/6/14,L264649,A 類,,OP-111,,品保,力鋼,45,22.74
6月24日,L261047,C 類,待處理,OP-113,,品保,力鋼,196,19.46
2026/7/20,L264866,C 類,不合格,OP-139,待確認,研發,捷欣,185,13.57
0712,L266812,A 類,待處理,OP-116,,研發,永利,216,34.73
0612,L261548,A 類,待處理,OP-115,已回報,研發,順發,140,54.54
6月30日,L260075,其他,已結案,OP-140,待確認,品保,永利,234,24.84
0721,L263398,其他,,OP-120,,製造,捷欣,105,74.35
6月28日,L263639,C 類,不合格,OP-123,待確認,品保,永利,59,74.96
0626,L263229,A 類,合格,OP-118,,製造,順發,95,1.8
0727,L265697,B 類,,OP-147,已回報,資材,大宏,103,34.16
6月6日,L262170,A 類,合格,OP-136,,品保,順發,107,22.84
7月1日,L265942,其他,,OP-119,已回報,製造,永利,24,84.36
0730,L262816,C 類,不合格,OP-117,已回報,製造,永利,195,41.9
6月5日,L265743,其他,已結案,OP-137,,製造,大宏,84,76.29
7月29日,L265531,其他,合格,OP-141,,製造,大宏,28,31.78
6月26日,L264833,C 類,已結案,OP-146,待確認,品保,永利,41,52.36
6月8日,L269829,其他,不合格,OP-109,,研發,順發,132,65.29
0611,L260623,其他,合格,OP-127,,品保,大宏,86,4.34
7月28日,L263735,B 類,合格,OP-137,,品保,永利,17,53.14
6月13日,L264140,B 類,待處理,OP-119,,製造,大宏,235,47.72
6月13日,L264544,B 類,,OP-145,,研發,東昇,165,32.49
6月1日,L261184,C 類,已結案,OP-129,待確認,製造,永利,93,28.96
6月22日,L266124,B 類,待處理,OP-133,,研發,東昇,20,69.38
0627,L260730,其他,待處理,OP-117,,研發,捷欣,67,88.24
0625,L262860,其他,待處理,OP-123,,資材,東昇,159,49.26
0725,L260652,其他,待處理,OP-122,,營運,東昇,11,95.64
2026/6/4,L261539,其他,待處理,OP-126,,品保,力鋼,41,15.03
6月21日,L261283,其他,,OP-106,待確認,資材,力鋼,170,94.16
2026/6/11,L265518,B 類,,OP-115,,營運,東昇,39,26.3
2026/6/18,L267821,C 類,待處理,OP-102,待確認,資材,永利,31,57.78
2026/7/12,L268237,B 類,待處理,OP-119,,製造,順發,4,93.4
6月1日,L264615,B 類,,OP-118,,營運,順發,2,16.87
0717,L269334,B 類,待處理,OP-105,,製造,力鋼,166,67.06
7月10日,L269149,C 類,,OP-133,待確認,營運,東昇,174,42.08
2026/6/9,L269241,B 類,,OP-127,已回報,營運,永利,43,15.43
6月13日,L266222,其他,合格,OP-113,已回報,研發,永利,228,96.23
2026/6/2,L261885,C 類,,OP-102,,研發,捷欣,236,17.65
7月23日,L266641,其他,,OP-108,,製造,捷欣,28,94.14
2026/7/27,L266318,C 類,待處理,OP-129,,品保,順發,98,25.36
2026/7/7,L265783,A 類,,OP-120,,資材,永利,184,36.18
7月17日,L269321,B 類,,OP-112,待確認,營運,順發,234,75.08
0707,L262054,C 類,已結案,OP-127,,營運,力鋼,126,27.03
2026/7/29,L260110,A 類,待處理,OP-111,待確認,營運,永利,120,37.42
0614,L267610,其他,不合格,OP-138,已回報,品保,永利,169,94.64
7月27日,L265827,A 類,,OP-130,,研發,永利,103,54.65
6月12日,L263760,其他,已結案,OP-116,,品保,順發,107,37.33
2026/6/11,L266222,其他,不合格,OP-123,已回報,製造,大宏,192,17.64
6月7日,L260424,A 類,已結案,OP-115,已回報,品保,東昇,41,48.04
0606,L265058,C 類,待處理,OP-126,,製造,永利,103,87.66
0702,L267014,A 類,,OP-143,,研發,捷欣,158,96.96
0629,L260083,B 類,合格,OP-120,,研發,力鋼,79,3.55
6月7日,L266243,其他,,OP-129,已回報,製造,捷欣,75,75.03
2026/6/29,L269629,C 類,,OP-136,,資材,大宏,177,36.78
2026/7/29,L269883,其他,待處理,OP-119,已回報,資材,力鋼,51,92.86
0715,L269585,C 類,待處理,OP-142,,資材,東昇,98,47.36
2026/7/12,L265045,其他,合格,OP-122,待確認,研發,順發,205,49.61
0618,L260942,其他,不合格,OP-121,,研發,捷欣,211,57.61
2026/7/10,L264868,C 類,不合格,OP-146,,營運,東昇,53,23.04
6月25日,L263396,A 類,,OP-146,,研發,大宏,118,18.27
7月28日,L262551,其他,,OP-142,,研發,東昇,67,77.73
2026/6/10,L263061,C 類,待處理,OP-116,,製造,順發,187,69.45
6月25日,L262090,A 類,,OP-139,,研發,力鋼,229,70.54
7月25日,L263712,其他,已結案,OP-101,,製造,東昇,190,12.6
2026/7/22,L262191,C 類,,OP-135,,製造,捷欣,33,89.78
0606,L263914,C 類,,OP-146,,品保,永利,240,95.85
0704,L268015,B 類,待處理,OP-139,,研發,東昇,76,57.92
0601,L267481,B 類,合格,OP-129,已回報,品保,順發,168,58.19
7月29日,L269467,B 類,,OP-103,待確認,資材,順發,8,82.58
2026/6/27,L269655,其他,待處理,OP-135,待確認,研發,永利,201,76.46
6月13日,L269620,B 類,,OP-121,已回報,品保,順發,230,64.67
6月27日,L266845,B 類,不合格,OP-137,已回報,品保,永利,177,69.19
2026/7/7,L260865,B 類,已結案,OP-136,已回報,品保,力鋼,201,95.56
0710,L263887,B 類,待處理,OP-145,,資材,大宏,86,50.27
7月6日,L264757,C 類,合格,OP-109,,資材,力鋼,89,11.39
6月13日,L264394,C 類,待處理,OP-116,待確認,營運,東昇,60,4.66
0704,L263145,B 類,待處理,OP-130,已回報,品保,東昇,32,93.38
2026/6/22,L264780,C 類,不合格,OP-130,待確認,品保,力鋼,52,60.12
2026/6/30,L261277,B 類,待處理,OP-134,,製造,東昇,8,34.09
2026/6/15,L266922,B 類,不合格,OP-127,,資材,順發,71,38.63
6月1日,L261427,A 類,不合格,OP-130,已回報,研發,捷欣,73,83.8
6月20日,L268118,其他,,OP-105,,營運,力鋼,51,33.76
7月27日,L262551,C 類,待處理,OP-143,,製造,大宏,75,2.38
2026/7/20,L260047,C 類,待處理,OP-120,已回報,研發,東昇,155,82.83
0606,L260013,其他,已結案,OP-108,,製造,力鋼,146,65.31
6月3日,L260365,C 類,,OP-123,待確認,製造,東昇,14,59.7
2026/6/3,L267134,B 類,,OP-115,,品保,東昇,197,33.86
0610,L269054,C 類,待處理,OP-143,待確認,品保,力鋼,229,2.47
2026/7/5,L269718,其他,,OP-122,已回報,營運,順發,83,36.77
0622,L268926,C 類,,OP-115,,資材,捷欣,116,90.51
2026/6/2,L262536,C 類,合格,OP-139,,營運,永利,109,90.32
0626,L267741,其他,不合格,OP-148,待確認,品保,捷欣,55,81.4
7月8日,L266091,其他,待處理,OP-124,,營運,順發,174,17.91
2026/6/2,L262025,其他,待處理,OP-133,待確認,營運,捷欣,91,57.31
6月29日,L261416,B 類,不合格,OP-140,,營運,東昇,187,95.96
2026/7/29,L267751,A 類,待處理,OP-146,,營運,東昇,104,27.86
2026/6/14,L269135,C 類,不合格,OP-125,待確認,製造,捷欣,82,53.92
0626,L266623,B 類,已結案,OP-143,待確認,製造,大宏,58,45.64
0607,L268756,B 類,不合格,OP-134,已回報,資材,捷欣,172,18.86
0609,L261376,其他,待處理,OP-121,待確認,研發,大宏,59,13.84
2026/7/9,L261866,B 類,待處理,OP-139,已回報,營運,東昇,127,22.15
0714,L264511,A 類,已結案,OP-122,,資材,力鋼,240,7.69
2026/7/30,L268820,其他,不合格,OP-105,,資材,順發,205,7.0
2026/6/15,L266351,其他,待處理,OP-132,待確認,品保,大宏,143,52.4
0701,L260941,其他,,OP-124,待確認,營運,大宏,223,94.32
0708,L263653,A 類,合格,OP-118,,研發,捷欣,143,10.33
2026/7/4,L261576,A 類,,OP-147,,製造,大宏,167,52.13
2026/7/22,L261311,C 類,待處理,OP-120,已回報,資材,永利,211,94.28
7月18日,L262115,B 類,不合格,OP-136,,營運,大宏,175,67.04
0615,L268124,A 類,合格,OP-124,,製造,東昇,27,68.87
0717,L263839,A 類,,OP-107,,研發,捷欣,139,68.38
0704,L260335,A 類,,OP-108,待確認,營運,力鋼,16,4.92
2026/7/16,L263863,A 類,合格,OP-123,,品保,東昇,131,59.74
2026/7/11,L263037,B 類,合格,OP-123,待確認,品保,力鋼,201,79.74
0712,L262577,C 類,已結案,OP-128,,營運,力鋼,62,28.77
2026/7/5,L264151,B 類,已結案,OP-108,待確認,品保,東昇,200,10.72
6月2日,L260525,A 類,已結案,OP-121,,製造,東昇,205,35.42
7月19日,L261715,C 類,,OP-135,待確認,營運,東昇,39,93.1
2026/7/7,L266033,B 類,待處理,OP-145,待確認,研發,永利,85,87.2
6月5日,L269398,C 類,已結案,OP-103,,研發,力鋼,114,14.24
2026/7/20,L266413,C 類,待處理,OP-108,已回報,資材,東昇,41,19.2
2026/7/23,L261885,其他,已結案,OP-143,,資材,捷欣,227,74.98
7月4日,L265760,A 類,,OP-142,,營運,大宏,121,56.76
2026/6/17,L262794,B 類,,OP-125,待確認,品保,力鋼,42,90.35
6月6日,L267345,B 類,合格,OP-101,,研發,東昇,87,93.22
0617,L260837,B 類,,OP-130,已回報,品保,東昇,7,60.79
2026/6/14,L265896,C 類,待處理,OP-124,,品保,永利,35,69.75
0715,L266755,A 類,,OP-112,已回報,製造,捷欣,173,56.92
2026/6/14,L263897,其他,,OP-104,,資材,永利,210,69.68
0708,L267151,其他,不合格,OP-142,,製造,捷欣,231,9.97
0613,L260450,B 類,待處理,OP-143,,製造,捷欣,52,44.8
0629,L266374,B 類,,OP-127,,營運,捷欣,58,91.31
0729,L269785,A 類,已結案,OP-110,,研發,東昇,18,6.01
7月19日,L261486,B 類,待處理,OP-102,,營運,永利,210,14.68
0614,L267287,B 類,,OP-114,已回報,研發,大宏,208,12.37
0708,L266134,其他,合格,OP-116,待確認,品保,力鋼,135,83.83
6月1日,L262443,A 類,合格,OP-138,已回報,資材,捷欣,152,97.86
7月14日,L263699,C 類,,OP-123,待確認,製造,力鋼,81,15.69
0702,L261349,C 類,待處理,OP-111,,營運,力鋼,146,14.86
0625,L269620,B 類,合格,OP-144,,研發,力鋼,64,2.0
2026/7/23,L264873,B 類,合格,OP-126,已回報,研發,順發,111,10.05
7月4日,L267972,B 類,已結案,OP-131,,品保,東昇,77,41.4
6月4日,L263098,C 類,不合格,OP-113,,研發,力鋼,164,23.26
2026/6/14,L263371,A 類,待處理,OP-127,,製造,東昇,151,51.85
0716,L262166,其他,,OP-139,已回報,研發,捷欣,226,49.77
6月2日,L269434,B 類,待處理,OP-148,已回報,營運,順發,238,73.01
2026/7/17,L263277,A 類,,OP-106,,資材,力鋼,51,18.13
7月30日,L265864,B 類,待處理,OP-142,已回報,營運,永利,168,79.44
7月1日,L261790,A 類,已結案,OP-109,,品保,捷欣,236,76.94
7月9日,L264635,C 類,,OP-148,,製造,順發,196,78.71
2026/6/26,L262383,B 類,待處理,OP-111,已回報,研發,東昇,137,53.91
0623,L268248,B 類,,OP-134,,品保,捷欣,88,5.77
6月11日,L266173,A 類,待處理,OP-144,待確認,研發,力鋼,216,70.48
0708,L266721,A 類,待處理,OP-133,,品保,東昇,43,92.31
0728,L265281,C 類,已結案,OP-116,,品保,捷欣,100,34.6
2026/6/27,L267668,其他,合格,OP-132,,營運,順發,224,1.49
0710,L261196,A 類,待處理,OP-126,,品保,力鋼,157,94.81
2026/7/7,L267555,C 類,,OP-126,,研發,永利,26,40.94
0719,L265736,C 類,待處理,OP-138,,品保,力鋼,190,60.26
2026/7/16,L267356,B 類,不合格,OP-141,已回報,研發,永利,66,89.36
0720,L268743,A 類,待處理,OP-144,,營運,捷欣,64,83.13
0616,L261896,其他,不合格,OP-132,,製造,大宏,54,4.16
7月8日,L267067,A 類,已結案,OP-129,待確認,品保,捷欣,140,43.26
7月3日,L269118,B 類,合格,OP-137,已回報,製造,力鋼,221,12.55
2026/6/24,L269728,A 類,待處理,OP-111,,資材,永利,176,44.64
2026/7/28,L267219,C 類,合格,OP-135,,營運,東昇,32,32.97
0609,L269889,其他,,OP-105,已回報,營運,東昇,174,81.58
0730,L264569,A 類,已結案,OP-109,,製造,東昇,196,10.28
7月12日,L264678,其他,待處理,OP-113,待確認,資材,大宏,227,34.67
0705,L265027,C 類,,OP-140,,資材,捷欣,214,40.34
2026/7/17,L269210,A 類,合格,OP-106,,資材,大宏,40,38.41
2026/7/22,L265454,B 類,,OP-103,,製造,永利,227,85.69
2026/6/29,L264080,A 類,不合格,OP-148,,資材,永利,154,39.49
6月30日,L263191,B 類,待處理,OP-144,,品保,大宏,86,92.24
0611,L262835,其他,不合格,OP-113,,研發,東昇,90,32.59
7月25日,L262479,其他,已結案,OP-115,,研發,大宏,40,3.86
0629,L260028,C 類,不合格,OP-118,已回報,資材,順發,48,20.61
0730,L264391,A 類,,OP-123,待確認,研發,捷欣,25,9.04
7月4日,L263167,A 類,已結案,OP-117,待確認,研發,力鋼,1,16.74
2026/6/19,L269149,C 類,待處理,OP-122,待確認,資材,力鋼,11,20.96
6月1日,L264921,B 類,不合格,OP-121,,資材,永利,237,13.11
0718,L264351,A 類,,OP-103,,製造,力鋼,37,1.45
0718,L269148,其他,待處理,OP-124,,製造,大宏,29,92.27
7月18日,L264156,其他,合格,OP-134,待確認,品保,捷欣,112,86.49
6月6日,L267875,A 類,待處理,OP-133,已回報,品保,永利,54,82.29
7月15日,L264397,C 類,不合格,OP-138,已回報,品保,永利,208,50.57
7月22日,L264349,A 類,,OP-106,,品保,捷欣,70,94.95
7月5日,L269864,C 類,合格,OP-134,待確認,資材,永利,147,18.27
7月9日,L266563,其他,已結案,OP-128,,研發,力鋼,165,56.73
6月1日,L262999,C 類,,OP-146,,品保,大宏,18,64.99
2026/7/28,L265290,A 類,待處理,OP-116,待確認,品保,力鋼,96,13.48
6月18日,L269391,C 類,合格,OP-122,待確認,資材,捷欣,181,85.76
2026/6/17,L264823,其他,,OP-133,待確認,研發,大宏,139,70.08
7月2日,L266666,B 類,待處理,OP-134,,製造,順發,222,15.16
2026/7/30,L260981,A 類,已結案,OP-129,,品保,東昇,65,0.43
7月9日,L263832,其他,,OP-130,待確認,營運,順發,126,50.26
7月5日,L264383,B 類,,OP-106,已回報,資材,大宏,201,88.64
2026/7/24,L264471,其他,,OP-105,已回報,資材,東昇,32,77.89
2026/6/1,L263367,C 類,,OP-120,,營運,東昇,131,63.06
2026/7/21,L263779,C 類,,OP-117,,營運,大宏,41,67.97
6月25日,L269987,C 類,合格,OP-136,,品保,大宏,104,29.32
2026/7/2,L269847,其他,合格,OP-146,,製造,大宏,223,19.34
0626,L260489,其他,合格,OP-121,,營運,永利,63,11.66
2026/6/28,L263391,其他,,OP-144,,製造,力鋼,86,60.51
2026/6/28,L266236,A 類,不合格,OP-111,已回報,資材,力鋼,180,91.08
6月1日,L267451,C 類,合格,OP-116,待確認,研發,東昇,39,90.81
6月2日,L267267,B 類,不合格,OP-135,,研發,捷欣,188,69.82
0616,L264419,C 類,待處理,OP-128,,資材,力鋼,68,3.65
2026/7/2,L261970,A 類,不合格,OP-123,待確認,研發,力鋼,68,54.04
7月11日,L263389,B 類,已結案,OP-110,,製造,永利,192,48.22
0627,L264893,其他,已結案,OP-141,,營運,順發,209,74.82
6月9日,L260799,C 類,,OP-106,,製造,順發,142,59.8
2026/7/11,L263427,A 類,,OP-123,已回報,營運,力鋼,187,29.74
0620,L262620,C 類,,OP-104,,研發,大宏,82,20.64
2026/6/9,L261296,C 類,待處理,OP-140,,營運,永利,40,51.44
0714,L266772,B 類,待處理,OP-120,待確認,品保,順發,110,33.34
7月16日,L265143,C 類,已結案,OP-109,,營運,力鋼,195,39.46
2026/6/22,L267364,A 類,,OP-146,已回報,營運,力鋼,74,19.28
0723,L261978,C 類,不合格,OP-102,已回報,資材,捷欣,6,82.36
7月24日,L265634,B 類,,OP-143,,品保,東昇,78,51.46
0712,L267476,A 類,,OP-136,,品保,捷欣,202,24.8
2026/6/19,L265392,C 類,合格,OP-126,,製造,東昇,220,1.51
6月28日,L265574,B 類,不合格,OP-119,,製造,永利,232,85.53
0626,L262985,A 類,,OP-107,,營運,力鋼,213,34.78
6月30日,L267135,C 類,不合格,OP-125,待確認,資材,大宏,118,56.43
2026/7/21,L265388,A 類,已結案,OP-113,已回報,製造,捷欣,233,37.28
2026/6/22,L266453,其他,待處理,OP-144,待確認,營運,力鋼,69,89.32
2026/6/5,L266430,A 類,合格,OP-112,已回報,研發,永利,223,30.06
0608,L266673,其他,待處理,OP-123,待確認,研發,東昇,10,62.58
6月1日,L263321,A 類,待處理,OP-132,,資材,東昇,63,66.24
2026/6/24,L263986,A 類,待處理,OP-147,待確認,品保,捷欣,59,67.22
2026/6/21,L269018,其他,,OP-109,待確認,品保,永利,110,46.21
2026/6/29,L260122,其他,待處理,OP-111,待確認,研發,順發,1,75.09
7月16日,L269747,C 類,不合格,OP-117,已回報,研發,東昇,181,24.09
2026/7/4,L265148,A 類,待處理,OP-127,,製造,大宏,34,3.73
6月11日,L267847,C 類,,OP-128,,資材,力鋼,107,28.57
6月19日,L262617,A 類,已結案,OP-122,已回報,研發,順發,63,97.25
7月7日,L263961,B 類,,OP-133,,品保,力鋼,240,48.23
7月6日,L266587,其他,合格,OP-104,,品保,力鋼,188,37.13
6月8日,L261876,C 類,已結案,OP-105,已回報,營運,大宏,152,68.18
7月4日,L267585,B 類,合格,OP-116,,品保,東昇,11,43.07
7月15日,L261324,其他,待處理,OP-113,,研發,順發,151,55.28
0708,L262681,C 類,待處理,OP-112,,營運,東昇,224,70.41
6月21日,L268620,C 類,合格,OP-108,待確認,資材,順發,118,82.13
7月5日,L266277,其他,已結案,OP-119,待確認,製造,大宏,7,47.3
7月9日,L262881,A 類,不合格,OP-124,已回報,研發,永利,238,32.76
2026/6/11,L267057,C 類,不合格,OP-144,,營運,大宏,238,6.96
0619,L265917,其他,已結案,OP-143,已回報,營運,捷欣,214,36.33
0729,L260852,C 類,不合格,OP-116,,品保,力鋼,153,63.59
2026/6/9,L263646,其他,不合格,OP-139,已回報,製造,力鋼,42,91.88
6月7日,L260981,A 類,不合格,OP-140,,營運,永利,137,26.57
0618,L266799,其他,已結案,OP-107,,營運,東昇,231,12.25
0714,L264152,其他,,OP-129,,品保,東昇,210,93.98
6月25日,L265085,其他,,OP-113,,製造,力鋼,15,95.41
0724,L263035,A 類,待處理,OP-113,已回報,資材,大宏,238,47.19
0602,L260310,其他,待處理,OP-112,,營運,永利,153,21.16
0615,L261966,B 類,,OP-131,已回報,營運,東昇,131,24.29
2026/7/10,L262947,C 類,不合格,OP-147,,製造,順發,72,39.99
7月9日,L262689,C 類,不合格,OP-121,,營運,順發,65,69.45
2026/6/24,L268440,其他,,OP-106,,營運,大宏,92,39.17
7月28日,L269145,C 類,待處理,OP-106,,研發,東昇,154,67.18
0719,L263527,B 類,合格,OP-115,,研發,永利,113,91.0
2026/7/28,L263774,其他,不合格,OP-136,,營運,東昇,133,13.52
2026/7/2,L263768,A 類,不合格,OP-119,,營運,東昇,160,8.59
2026/6/9,L264621,B 類,待處理,OP-128,,營運,捷欣,96,4.47
6月11日,L263474,A 類,待處理,OP-138,,營運,永利,84,58.73
0621,L268478,C 類,不合格,OP-117,已回報,研發,順發,20,32.61
0612,L260838,C 類,已結案,OP-108,已回報,營運,永利,80,92.36
0606,L263444,C 類,已結案,OP-136,待確認,品保,大宏,30,85.28
0608,L266013,C 類,,OP-140,待確認,研發,力鋼,12,72.97
2026/7/29,L268592,C 類,,OP-116,,資材,順發,234,6.76
2026/7/20,L269822,C 類,待處理,OP-107,,研發,順發,217,89.62
0714,L268192,其他,合格,OP-123,已回報,品保,捷欣,64,9.86
7月6日,L264973,A 類,已結案,OP-141,,資材,永利,92,39.28
7月26日,L269194,其他,已結案,OP-127,,品保,捷欣,202,50.6
6月21日,L269171,B 類,合格,OP-140,,製造,大宏,100,56.44
2026/7/26,L264548,C 類,,OP-128,已回報,資材,大宏,21,79.64
2026/7/21,L268577,B 類,已結案,OP-126,,品保,順發,182,37.91
6月14日,L264559,C 類,,OP-102,已回報,營運,東昇,228,63.89
2026/6/13,L260078,其他,,OP-131,,資材,東昇,26,47.58
0730,L267521,C 類,合格,OP-101,,品保,力鋼,127,64.66
6月27日,L267328,C 類,待處理,OP-129,已回報,製造,永利,216,87.83
0608,L265991,C 類,不合格,OP-135,,研發,永利,225,38.08
7月20日,L267321,A 類,待處理,OP-123,,研發,永利,37,95.63
7月19日,L265547,其他,不合格,OP-147,待確認,品保,順發,129,54.49
2026/6/20,L260160,A 類,已結案,OP-108,,研發,順發,188,64.8
2026/6/17,L266228,A 類,合格,OP-118,已回報,研發,捷欣,194,47.22
6月25日,L263991,其他,不合格,OP-133,,研發,永利,65,24.46
2026/7/20,L260722,A 類,合格,OP-127,待確認,品保,大宏,147,29.35
0720,L267840,A 類,已結案,OP-125,,研發,力鋼,239,74.22
2026/7/18,L264692,C 類,合格,OP-142,,品保,捷欣,41,21.97
7月10日,L261224,A 類,已結案,OP-115,待確認,資材,力鋼,84,68.76
0724,L261441,其他,,OP-148,待確認,資材,捷欣,190,27.25
2026/7/15,L264480,其他,,OP-129,已回報,營運,永利,100,76.56
2026/6/24,L265253,B 類,不合格,OP-105,已回報,品保,永利,217,17.88
6月29日,L264824,其他,不合格,OP-139,,資材,東昇,219,37.11
6月3日,L266258,其他,合格,OP-127,已回報,品保,力鋼,172,86.48
0605,L260268,其他,,OP-113,,營運,捷欣,194,31.98
2026/6/25,L266391,其他,合格,OP-137,,品保,大宏,82,49.79
0702,L262939,其他,,OP-147,,營運,捷欣,217,74.07
6月21日,L265086,C 類,已結案,OP-120,,品保,東昇,169,25.92
7月26日,L265098,其他,待處理,OP-146,待確認,品保,力鋼,168,13.4
2026/6/23,L264361,C 類,待處理,OP-134,,資材,順發,192,16.37
2026/7/6,L266542,B 類,已結案,OP-129,,營運,東昇,150,56.94
2026/6/16,L266119,其他,,OP-142,已回報,品保,東昇,117,67.64
2026/7/4,L266932,A 類,不合格,OP-132,,資材,力鋼,228,34.59
7月24日,L262310,C 類,,OP-148,,品保,東昇,108,39.61
2026/6/24,L260082,A 類,已結案,OP-135,,製造,捷欣,114,72.41
0628,L268231,B 類,,OP-141,待確認,營運,大宏,1,40.41
2026/6/29,L266052,C 類,合格,OP-132,,品保,力鋼,158,79.48
2026/7/17,L260442,C 類,不合格,OP-113,待確認,製造,永利,28,29.48
6月2日,L260014,其他,合格,OP-125,,營運,力鋼,117,42.4
7月15日,L268024,C 類,,OP-143,已回報,資材,順發,44,9.97
7月18日,L266148,其他,合格,OP-138,待確認,研發,永利,218,52.62
6月20日,L266537,A 類,合格,OP-113,已回報,營運,捷欣,51,19.65
0712,L267021,其他,不合格,OP-141,,研發,東昇,203,60.26
2026/6/9,L269241,B 類,,OP-127,已回報,營運,永利,43,15.43
0716,L266739,C 類,合格,OP-118,,品保,永利,183,60.56
0727,L263325,B 類,不合格,OP-140,待確認,資材,大宏,216,77.9
0626,L266452,其他,,OP-132,待確認,營運,永利,50,54.44
6月8日,L264576,A 類,待處理,OP-148,,資材,東昇,78,95.82
2026/6/21,L260656,其他,不合格,OP-115,,品保,大宏,2,49.7
6月14日,L263550,B 類,已結案,OP-123,已回報,研發,力鋼,240,95.63
0705,L262720,B 類,待處理,OP-122,,營運,大宏,178,55.48
2026/7/20,L267260,A 類,,OP-143,,資材,永利,57,97.49
2026/6/16,L266370,B 類,,OP-108,,製造,順發,147,23.81
2026/7/27,L261392,C 類,,OP-118,待確認,資材,力鋼,3,0.91
2026/6/20,L264526,A 類,待處理,OP-128,,品保,力鋼,213,2.09
0705,L265394,C 類,,OP-122,,營運,永利,28,85.01
6月9日,L265735,A 類,已結案,OP-116,待確認,營運,東昇,111,96.78
2026/6/2,L269727,其他,,OP-129,,研發,永利,227,7.61
6月21日,L262970,A 類,不合格,OP-107,,品保,捷欣,70,64.37
0617,L265997,C 類,已結案,OP-148,待確認,營運,順發,91,74.29
6月4日,L262929,C 類,,OP-135,待確認,製造,永利,44,26.84
7月10日,L264113,其他,合格,OP-108,待確認,研發,力鋼,107,53.02
2026/6/3,L266020,其他,已結案,OP-125,已回報,營運,大宏,114,38.26
6月9日,L266299,C 類,合格,OP-116,已回報,研發,永利,235,50.08
2026/6/11,L266323,B 類,已結案,OP-145,,營運,永利,51,92.79
0718,L266958,A 類,合格,OP-101,,營運,順發,131,78.25
7月21日,L261354,A 類,不合格,OP-130,,製造,力鋼,162,43.65
7月9日,L260534,B 類,不合格,OP-146,,資材,大宏,1,28.9
0723,L261110,C 類,合格,OP-146,待確認,資材,力鋼,15,94.61
0704,L268779,B 類,合格,OP-105,待確認,製造,永利,230,90.37
7月12日,L262895,A 類,合格,OP-118,已回報,製造,捷欣,201,88.13
6月1日,L269999,B 類,待處理,OP-125,,品保,捷欣,7,78.54
6月18日,L269320,A 類,待處理,OP-111,,品保,捷欣,50,80.76
2026/6/16,L266227,B 類,已結案,OP-141,待確認,品保,大宏,47,21.13
0605,L268110,其他,待處理,OP-101,待確認,製造,大宏,126,97.76
2026/7/17,L265280,B 類,不合格,OP-141,,資材,東昇,186,3.72
7月22日,L263767,C 類,已結案,OP-102,已回報,資材,大宏,223,17.24
7月10日,L269118,其他,,OP-108,,資材,永利,153,24.23
6月30日,L260063,C 類,待處理,OP-116,,營運,大宏,28,1.17
0611,L263875,其他,合格,OP-138,,研發,東昇,148,62.16
2026/7/12,L263521,B 類,合格,OP-147,,品保,永利,5,73.36
2026/7/20,L260077,A 類,不合格,OP-139,,製造,捷欣,60,31.15
6月5日,L268618,A 類,,OP-122,已回報,製造,力鋼,165,88.64
0602,L264966,其他,,OP-120,已回報,製造,東昇,131,21.65
0719,L265483,C 類,合格,OP-134,,研發,力鋼,21,49.09
7月27日,L269196,A 類,,OP-127,,營運,永利,184,67.16
6月23日,L263698,C 類,不合格,OP-144,待確認,品保,大宏,189,69.01
2026/7/18,L269723,C 類,,OP-139,待確認,營運,力鋼,107,79.82
0709,L268382,C 類,合格,OP-105,待確認,品保,捷欣,66,18.22
6月14日,L263786,B 類,待處理,OP-126,待確認,品保,捷欣,137,37.45
2026/7/26,L262196,B 類,待處理,OP-124,,營運,順發,70,58.19
0623,L269243,A 類,合格,OP-131,,資材,永利,139,36.69
0606,L260739,其他,,OP-145,,營運,捷欣,208,16.57
2026/6/11,L269331,A 類,已結案,OP-131,,資材,捷欣,195,75.4
0621,L265320,B 類,待處理,OP-136,,製造,順發,197,49.95
2026/7/15,L262039,A 類,不合格,OP-115,,製造,東昇,168,2.75
2026/6/12,L265224,其他,,OP-133,已回報,研發,捷欣,167,56.53
2026/7/18,L267126,B 類,合格,OP-131,待確認,品保,東昇,186,51.33
0623,L265637,B 類,已結案,OP-141,已回報,品保,順發,97,82.64
7月9日,L264957,其他,不合格,OP-109,已回報,研發,順發,141,86.55
0610,L267389,A 類,,OP-141,,研發,永利,178,78.4
7月15日,L267023,B 類,待處理,OP-120,待確認,營運,順發,168,88.8
0610,L260674,B 類,待處理,OP-109,,營運,捷欣,138,3.85
0627,L265614,C 類,,OP-145,,營運,東昇,169,88.25
0712,L264897,其他,已結案,OP-138,待確認,製造,東昇,119,93.28
6月8日,L261015,C 類,待處理,OP-112,待確認,營運,大宏,237,48.15
2026/7/2,L269347,C 類,不合格,OP-105,待確認,製造,力鋼,238,48.58
6月12日,L264995,A 類,合格,OP-132,待確認,營運,捷欣,129,87.15
0724,L260880,C 類,已結案,OP-144,,研發,順發,76,38.94
7月19日,L263152,其他,,OP-144,已回報,營運,順發,102,28.89
2026/6/26,L260353,B 類,合格,OP-124,,品保,捷欣,232,47.99
7月25日,L263518,C 類,,OP-120,已回報,製造,永利,70,13.95
2026/7/23,L262724,B 類,合格,OP-142,已回報,製造,順發,81,96.46
7月17日,L264951,其他,已結案,OP-138,待確認,品保,捷欣,214,28.83
2026/6/3,L263568,其他,待處理,OP-124,,研發,力鋼,181,50.98
0624,L262639,其他,已結案,OP-129,,製造,捷欣,137,93.79
0714,L267764,A 類,已結案,OP-143,,製造,捷欣,97,86.43
6月11日,L264010,其他,,OP-148,,營運,東昇,235,56.55
0621,L266857,C 類,不合格,OP-144,待確認,資材,順發,125,48.85
6月6日,L260261,C 類,已結案,OP-137,,資材,東昇,54,89.31
6月10日,L263492,B 類,合格,OP-119,已回報,製造,東昇,38,26.72
6月14日,L265372,B 類,待處理,OP-112,已回報,製造,捷欣,9,36.29
0701,L268166,A 類,合格,OP-142,,研發,永利,43,82.24
0720,L269985,C 類,不合格,OP-111,,品保,捷欣,196,13.97
0624,L267570,其他,不合格,OP-102,,研發,大宏,133,97.62
0604,L261313,C 類,已結案,OP-127,待確認,品保,捷欣,147,11.65
0710,L266964,C 類,不合格,OP-112,,研發,大宏,233,16.49
0727,L265730,B 類,不合格,OP-148,,研發,捷欣,85,71.52
2026/7/13,L264997,C 類,,OP-112,,品保,力鋼,205,87.84
2026/7/5,L260462,C 類,待處理,OP-133,,營運,永利,228,21.9
0602,L269367,A 類,待處理,OP-116,已回報,品保,永利,85,53.06
2026/6/9,L263863,B 類,,OP-135,已回報,研發,捷欣,42,67.12
0622,L265180,A 類,待處理,OP-119,待確認,資材,力鋼,132,37.71
0621,L267332,B 類,不合格,OP-131,,研發,東昇,86,79.47
0611,L267091,B 類,,OP-130,,資材,力鋼,117,56.59
0703,L267351,A 類,,OP-137,已回報,製造,力鋼,199,60.62
7月15日,L260620,B 類,合格,OP-103,已回報,營運,永利,135,94.21
2026/7/2,L264687,B 類,合格,OP-145,,製造,捷欣,220,51.02
6月9日,L264166,A 類,,OP-129,,品保,力鋼,83,87.29
7月8日,L262588,B 類,合格,OP-111,,資材,順發,76,13.47
0710,L265025,其他,,OP-103,待確認,資材,力鋼,211,7.12
0620,L267039,A 類,合格,OP-146,已回報,品保,捷欣,139,50.41
6月7日,L269338,C 類,合格,OP-115,,研發,永利,18,47.28
2026/6/20,L265325,A 類,合格,OP-114,,研發,東昇,174,62.68
0630,L264824,C 類,合格,OP-108,已回報,品保,大宏,101,34.06
0712,L267143,其他,合格,OP-120,已回報,品保,大宏,59,26.02
7月29日,L269250,C 類,,OP-131,,品保,捷欣,218,78.96
2026/6/18,L263946,C 類,,OP-120,待確認,資材,東昇,162,12.26
6月8日,L267256,B 類,待處理,OP-140,,製造,東昇,214,57.74
2026/7/15,L268783,A 類,不合格,OP-138,,品保,力鋼,66,82.33
7月12日,L268536,A 類,合格,OP-147,,品保,力鋼,213,36.86
2026/6/20,L262918,其他,已結案,OP-137,,資材,東昇,5,33.23
0607,L267721,B 類,已結案,OP-140,,製造,力鋼,224,7.28
7月30日,L260469,A 類,合格,OP-140,待確認,資材,永利,26,59.71
7月10日,L269118,B 類,,OP-122,,營運,捷欣,47,71.35
0620,L261496,C 類,已結案,OP-131,,研發,東昇,67,28.23
6月2日,L267267,B 類,不合格,OP-135,,研發,捷欣,188,69.82
7月17日,L264341,B 類,待處理,OP-110,,製造,力鋼,59,15.18
2026/6/12,L269377,其他,合格,OP-136,已回報,營運,東昇,181,35.48
2026/7/6,L262878,C 類,不合格,OP-142,已回報,營運,東昇,174,43.07
6月27日,L268247,B 類,待處理,OP-122,已回報,製造,大宏,62,14.56
0629,L266197,B 類,已結案,OP-102,,研發,永利,2,75.39
7月15日,L264759,B 類,合格,OP-131,待確認,資材,大宏,225,11.86
7月29日,L262121,B 類,,OP-133,待確認,製造,順發,12,57.05
7月14日,L260627,B 類,,OP-126,待確認,製造,永利,21,17.14
6月1日,L268245,B 類,待處理,OP-141,,製造,大宏,123,24.44
6月11日,L269845,其他,合格,OP-141,,營運,東昇,189,53.03
2026/6/1,L262518,A 類,已結案,OP-119,,營運,大宏,37,87.07
2026/6/9,L261228,其他,不合格,OP-105,,製造,力鋼,28,16.57
0628,L263015,A 類,已結案,OP-129,,資材,順發,54,76.65
7月15日,L261280,B 類,,OP-143,,營運,力鋼,140,74.06
2026/7/2,L265490,C 類,,OP-131,,製造,大宏,208,74.49
6月16日,L268696,C 類,待處理,OP-131,已回報,製造,永利,28,33.73
6月13日,L268144,C 類,,OP-136,,資材,力鋼,41,6.28
2026/7/17,L264372,B 類,合格,OP-138,,品保,力鋼,138,61.16
6月28日,L266644,其他,,OP-126,,品保,永利,12,62.66
7月1日,L266464,其他,已結案,OP-121,,營運,力鋼,191,40.24
0620,L264996,C 類,不合格,OP-140,待確認,製造,大宏,227,75.51
6月22日,L267859,A 類,合格,OP-132,已回報,營運,捷欣,136,34.52
0716,L263832,其他,,OP-125,已回報,資材,東昇,95,93.45
0602,L261113,其他,不合格,OP-105,,研發,順發,192,84.57
0607,L260457,A 類,合格,OP-114,已回報,品保,捷欣,109,19.63
0720,L263879,A 類,待處理,OP-143,待確認,品保,永利,29,88.55
0726,L261149,B 類,不合格,OP-129,待確認,資材,力鋼,204,34.94
7月15日,L267184,A 類,已結案,OP-102,,品保,大宏,132,75.59
2026/6/5,L264391,C 類,已結案,OP-119,,研發,大宏,116,67.65
2026/7/23,L265283,其他,,OP-126,待確認,研發,力鋼,83,42.11
0723,L260896,其他,不合格,OP-120,,研發,捷欣,175,54.76
0705,L263621,C 類,合格,OP-125,已回報,資材,東昇,31,61.65
2026/6/13,L267939,C 類,待處理,OP-133,,研發,大宏,74,10.07
6月12日,L265678,B 類,,OP-126,,資材,東昇,198,92.0
2026/7/26,L263466,其他,,OP-113,待確認,製造,力鋼,51,40.65
6月21日,L266425,A 類,,OP-138,,製造,大宏,230,48.21
0703,L269495,A 類,合格,OP-115,待確認,製造,東昇,50,66.34
7月20日,L266382,其他,不合格,OP-125,已回報,製造,東昇,160,16.06
2026/7/18,L264282,B 類,,OP-147,,研發,東昇,78,53.5
0613,L261429,C 類,,OP-124,已回報,營運,順發,16,90.29
2026/7/4,L264198,C 類,已結案,OP-105,,製造,東昇,184,74.75
6月15日,L262938,其他,不合格,OP-148,,研發,永利,199,22.15
0718,L267116,B 類,,OP-130,,研發,力鋼,218,74.3
6月29日,L268455,A 類,不合格,OP-134,,研發,力鋼,26,63.25
6月11日,L267754,其他,不合格,OP-125,待確認,研發,捷欣,220,16.74
2026/6/8,L262857,B 類,,OP-146,待確認,研發,捷欣,153,82.02
6月3日,L269634,其他,待處理,OP-112,待確認,資材,東昇,218,21.15
6月9日,L261536,C 類,,OP-135,,資材,順發,45,90.93
2026/7/28,L262080,C 類,已結案,OP-146,,資材,順發,9,3.87
2026/7/16,L264617,C 類,待處理,OP-147,,製造,捷欣,73,93.13
6月6日,L267094,A 類,已結案,OP-146,,資材,力鋼,57,40.29
2026/6/10,L268019,C 類,,OP-131,已回報,營運,大宏,47,30.95
2026/7/11,L268139,A 類,,OP-141,已回報,製造,捷欣,183,60.67
0725,L260980,C 類,待處理,OP-120,,製造,力鋼,35,48.94
0605,L260277,其他,,OP-110,待確認,製造,捷欣,210,87.19
0720,L263251,A 類,,OP-141,已回報,營運,大宏,229,71.57
0707,L264517,B 類,待處理,OP-146,,資材,力鋼,214,45.06
6月20日,L263725,其他,合格,OP-142,,品保,捷欣,180,83.56
0719,L263844,其他,,OP-147,,營運,捷欣,13,59.88
2026/6/11,L261568,其他,,OP-115,,製造,捷欣,145,95.09
7月24日,L264395,C 類,待處理,OP-105,,資材,順發,96,13.83
6月5日,L266699,C 類,合格,OP-112,,研發,永利,117,10.61
6月25日,L262274,B 類,,OP-115,,資材,順發,151,22.3
7月24日,L263193,B 類,不合格,OP-118,已回報,資材,東昇,137,39.32
0728,L260781,B 類,已結案,OP-124,待確認,品保,捷欣,96,88.3
0617,L261340,A 類,待處理,OP-133,,製造,東昇,73,58.17
6月22日,L267863,C 類,待處理,OP-128,已回報,資材,大宏,5,86.45
2026/7/7,L267977,B 類,已結案,OP-135,,研發,捷欣,129,64.32
7月17日,L266721,其他,待處理,OP-136,,品保,東昇,69,30.02
0618,L261111,B 類,待處理,OP-135,待確認,品保,力鋼,141,4.95
0611,L262460,B 類,,OP-114,已回報,品保,捷欣,103,75.15
0718,L269314,B 類,合格,OP-127,已回報,研發,順發,216,23.86
0612,L265318,C 類,合格,OP-107,待確認,品保,東昇,92,56.68
2026/7/19,L267960,B 類,合格,OP-112,,營運,力鋼,147,31.04
7月22日,L265393,其他,待處理,OP-109,已回報,製造,東昇,232,70.35
6月17日,L267636,C 類,合格,OP-148,,研發,順發,73,84.08
7月25日,L269620,C 類,,OP-104,,營運,大宏,239,9.6
6月26日,L260926,A 類,,OP-142,待確認,製造,東昇,90,14.42
0707,L261281,其他,已結案,OP-121,待確認,資材,永利,204,2.04
6月4日,L261680,其他,待處理,OP-142,待確認,營運,順發,231,65.09
2026/7/8,L260752,B 類,合格,OP-114,,研發,順發,213,65.1
0726,L265791,其他,已結案,OP-120,已回報,研發,東昇,231,87.89
0602,L267897,C 類,已結案,OP-114,已回報,製造,永利,192,55.36
0608,L262779,C 類,已結案,OP-136,,製造,順發,74,14.8
2026/6/28,L260443,B 類,已結案,OP-130,,營運,東昇,72,24.51
0727,L262156,C 類,已結案,OP-115,待確認,品保,永利,40,48.75
0603,L267377,A 類,,OP-123,,營運,順發,154,65.95
0713,L262243,其他,待處理,OP-102,待確認,品保,東昇,96,65.39
6月26日,L261857,A 類,合格,OP-139,待確認,品保,東昇,42,2.52
2026/6/13,L269737,B 類,合格,OP-123,已回報,營運,力鋼,108,19.97
0616,L261830,C 類,待處理,OP-112,已回報,資材,東昇,145,13.25
0619,L265185,其他,,OP-143,已回報,資材,東昇,227,18.51
7月10日,L264046,B 類,,OP-135,已回報,製造,大宏,134,72.18
0724,L267189,B 類,不合格,OP-135,,營運,捷欣,140,21.19
2026/6/23,L268892,A 類,已結案,OP-118,已回報,品保,順發,114,7.42
7月20日,L267027,A 類,待處理,OP-143,,研發,永利,152,16.5
6月29日,L269520,其他,,OP-127,已回報,製造,永利,125,92.03
7月18日,L265551,其他,合格,OP-123,,品保,力鋼,50,94.37
7月27日,L269395,其他,合格,OP-115,,品保,力鋼,85,64.28
7月7日,L265918,其他,待處理,OP-126,已回報,品保,力鋼,230,64.33
2026/6/5,L267532,其他,待處理,OP-144,待確認,研發,大宏,206,65.87
7月28日,L269631,A 類,不合格,OP-132,,資材,順發,35,61.04
0722,L269716,A 類,合格,OP-131,待確認,研發,力鋼,224,7.23
0706,L268661,C 類,已結案,OP-142,,營運,東昇,158,75.18
6月25日,L260862,B 類,待處理,OP-129,已回報,製造,力鋼,32,59.33
6月14日,L268280,B 類,已結案,OP-146,,研發,東昇,67,74.88
7月18日,L261289,其他,,OP-138,,營運,捷欣,238,85.55
0624,L260178,其他,,OP-111,待確認,研發,東昇,237,59.23
6月24日,L266150,A 類,合格,OP-119,,製造,大宏,201,76.8
7月5日,L260757,C 類,,OP-117,,資材,東昇,152,58.21
7月27日,L268835,A 類,已結案,OP-117,,營運,捷欣,205,50.2
2026/6/25,L260119,A 類,已結案,OP-135,,品保,大宏,107,43.01
2026/6/14,L269276,C 類,合格,OP-117,已回報,資材,大宏,177,19.14
2026/7/18,L264528,C 類,待處理,OP-146,,製造,東昇,191,49.44
2026/7/24,L269240,A 類,待處理,OP-125,,資材,捷欣,109,31.78
0722,L266472,B 類,待處理,OP-111,已回報,製造,永利,229,58.47
2026/7/28,L266352,A 類,合格,OP-106,,營運,大宏,101,57.66
0609,L260219,其他,合格,OP-124,,品保,力鋼,173,82.07
7月16日,L265825,A 類,待處理,OP-111,,營運,大宏,225,91.94
0707,L264138,其他,已結案,OP-111,待確認,品保,大宏,157,86.55
7月24日,L268465,A 類,不合格,OP-142,已回報,研發,永利,60,33.9
2026/6/30,L262178,A 類,不合格,OP-105,,營運,永利,60,42.35
6月10日,L261666,C 類,,OP-142,已回報,品保,順發,134,17.51
0610,L265847,C 類,,OP-124,,研發,大宏,188,77.93
0606,L268033,C 類,合格,OP-136,已回報,品保,永利,76,64.59
7月20日,L269447,B 類,合格,OP-106,待確認,品保,力鋼,160,58.38
7月7日,L260510,B 類,合格,OP-109,,營運,捷欣,175,94.92
0609,L266787,其他,,OP-127,已回報,品保,永利,190,80.41
6月22日,L260868,C 類,合格,OP-103,待確認,製造,捷欣,229,32.98
2026/6/25,L261163,其他,,OP-142,,研發,永利,230,94.65
2026/6/3,L265760,其他,合格,OP-123,,研發,力鋼,122,57.97
2026/6/25,L262998,C 類,,OP-122,,資材,東昇,206,78.91
7月21日,L260190,B 類,已結案,OP-126,,資材,捷欣,126,74.99
2026/6/29,L268311,C 類,,OP-123,,營運,永利,83,88.77
6月22日,L267076,其他,已結案,OP-117,,營運,力鋼,110,9.21
0607,L260194,C 類,合格,OP-135,待確認,資材,順發,43,25.87
6月15日,L267352,B 類,不合格,OP-102,,資材,順發,44,56.78
2026/7/9,L261956,B 類,已結案,OP-136,待確認,研發,大宏,16,97.14
0706,L260859,A 類,待處理,OP-103,待確認,製造,大宏,177,57.15
6月25日,L269483,C 類,待處理,OP-127,已回報,品保,順發,18,34.39
2026/6/8,L260766,A 類,,OP-138,,品保,永利,141,48.24
2026/7/28,L269247,A 類,待處理,OP-128,,營運,順發,95,3.48
0616,L265043,A 類,待處理,OP-124,,品保,東昇,200,86.99
6月16日,L265528,其他,,OP-101,,品保,力鋼,121,78.37
7月22日,L261657,其他,已結案,OP-144,待確認,品保,順發,238,63.5
2026/6/18,L262056,A 類,,OP-119,已回報,製造,力鋼,22,47.36
2026/6/23,L264540,其他,合格,OP-111,,研發,大宏,214,92.6
2026/7/22,L260348,B 類,合格,OP-105,待確認,研發,力鋼,164,49.03
0612,L260277,B 類,待處理,OP-120,,製造,永利,147,67.13
7月9日,L261598,A 類,合格,OP-126,,研發,大宏,217,84.84
2026/7/15,L260176,A 類,,OP-120,待確認,品保,力鋼,194,82.05
0720,L260949,A 類,待處理,OP-139,待確認,營運,永利,234,91.41
2026/6/22,L267968,A 類,合格,OP-148,,營運,捷欣,132,67.97
0709,L262010,其他,待處理,OP-145,已回報,資材,順發,182,83.29
0625,L264164,C 類,,OP-126,已回報,營運,捷欣,27,96.89
0714,L266358,其他,待處理,OP-121,,製造,順發,215,50.35
2026/7/14,L264045,C 類,待處理,OP-122,,製造,順發,26,1.35
2026/6/30,L263119,A 類,不合格,OP-114,,資材,大宏,24,8.53
2026/6/6,L266944,其他,不合格,OP-122,待確認,品保,力鋼,141,45.54
6月5日,L261072,B 類,,OP-127,,營運,力鋼,219,93.51
0626,L269819,C 類,已結案,OP-133,,製造,東昇,155,1.3
2026/7/6,L262990,A 類,不合格,OP-127,待確認,品保,永利,227,37.77
7月23日,L262824,其他,不合格,OP-106,待確認,製造,大宏,24,75.53
2026/6/22,L264334,其他,,OP-125,已回報,製造,捷欣,185,34.26
7月6日,L263252,B 類,,OP-119,,營運,捷欣,176,47.77
0614,L267694,其他,已結案,OP-117,,營運,大宏,70,25.9
0607,L263490,B 類,待處理,OP-111,,營運,力鋼,56,49.96
0716,L268225,C 類,不合格,OP-124,,資材,永利,236,91.83
2026/6/8,L268963,A 類,待處理,OP-141,,製造,東昇,96,84.22
0713,L260126,其他,,OP-128,已回報,製造,力鋼,142,48.29
2026/7/2,L265097,B 類,待處理,OP-138,已回報,品保,捷欣,75,39.08
0617,L263346,C 類,,OP-112,已回報,製造,順發,57,62.6
0628,L261088,C 類,合格,OP-118,待確認,資材,力鋼,214,20.81
0706,L260448,A 類,待處理,OP-144,,製造,力鋼,155,84.15
0622,L268029,B 類,已結案,OP-148,,營運,捷欣,216,6.84
0718,L265273,其他,待處理,OP-137,已回報,研發,力鋼,181,20.28
6月28日,L260051,B 類,已結案,OP-105,,研發,力鋼,41,51.07
2026/6/29,L265366,B 類,已結案,OP-103,,製造,大宏,49,35.24
0606,L269339,C 類,合格,OP-144,待確認,資材,永利,194,95.81
7月5日,L267721,其他,不合格,OP-147,已回報,研發,力鋼,145,42.66
6月27日,L264883,B 類,,OP-116,,品保,東昇,13,47.52
2026/7/3,L265317,C 類,,OP-119,,製造,大宏,52,54.31
0718,L260982,其他,待處理,OP-108,已回報,資材,大宏,12,4.82
2026/7/25,L266554,B 類,不合格,OP-115,已回報,營運,永利,154,25.19
0705,L266138,A 類,不合格,OP-103,,研發,永利,226,37.27
2026/6/25,L262355,C 類,已結案,OP-133,已回報,製造,永利,223,60.2
2026/6/24,L265299,B 類,已結案,OP-128,待確認,製造,東昇,102,92.55
2026/7/22,L267871,A 類,,OP-131,,製造,永利,144,29.31
0726,L263368,A 類,待處理,OP-109,待確認,營運,順發,228,34.81
2026/6/5,L266792,A 類,合格,OP-108,待確認,資材,大宏,66,47.8
2026/7/29,L265876,A 類,,OP-104,,資材,捷欣,69,84.78
7月15日,L262761,A 類,不合格,OP-107,已回報,品保,大宏,175,73.62
0616,L262470,A 類,,OP-141,,資材,捷欣,128,6.92
0706,L269955,其他,,OP-109,待確認,品保,順發,45,27.11
2026/7/26,L265347,其他,合格,OP-124,,營運,順發,190,77.79
6月10日,L263711,C 類,合格,OP-116,,研發,順發,194,3.56
6月3日,L263295,C 類,合格,OP-107,,資材,順發,209,40.51
7月26日,L263745,C 類,合格,OP-111,待確認,製造,捷欣,128,46.68
2026/6/22,L268274,B 類,,OP-148,,製造,大宏,151,18.98
0703,L260746,C 類,已結案,OP-109,,品保,力鋼,16,7.44
0727,L266136,A 類,,OP-113,,製造,大宏,133,74.69
7月3日,L268789,C 類,已結案,OP-104,已回報,製造,順發,238,92.87
7月20日,L264294,B 類,已結案,OP-105,待確認,製造,東昇,56,36.29
2026/7/23,L263689,A 類,待處理,OP-115,,資材,力鋼,32,81.57
0630,L268824,A 類,不合格,OP-140,待確認,製造,大宏,135,94.66
2026/7/5,L262169,其他,,OP-103,,營運,捷欣,213,4.62
6月13日,L264483,A 類,待處理,OP-143,待確認,品保,永利,240,37.07
0625,L264391,A 類,合格,OP-130,,品保,捷欣,133,37.91
6月8日,L263123,其他,已結案,OP-123,,品保,捷欣,40,85.75
7月30日,L262768,其他,不合格,OP-103,已回報,營運,永利,156,83.87
2026/7/12,L265080,C 類,合格,OP-106,,製造,永利,131,84.99
0624,L261467,A 類,不合格,OP-137,,資材,力鋼,70,0.87
7月5日,L266794,A 類,待處理,OP-106,,營運,永利,28,72.32
7月23日,L266080,其他,,OP-141,,品保,順發,78,16.38
0611,L268970,A 類,已結案,OP-140,,品保,東昇,73,18.92
2026/6/10,L266499,C 類,待處理,OP-115,,資材,捷欣,180,40.65
0607,L263314,C 類,待處理,OP-137,,資材,力鋼,37,28.69
7月23日,L265896,A 類,不合格,OP-106,,營運,東昇,144,88.45
0624,L264992,B 類,,OP-147,,製造,東昇,9,62.42
7月11日,L262930,A 類,,OP-129,,製造,順發,113,43.7
0729,L262310,A 類,,OP-112,,研發,東昇,170,36.12
0628,L267580,A 類,待處理,OP-129,,資材,永利,169,24.77
6月14日,L267997,B 類,已結案,OP-105,已回報,資材,捷欣,223,62.22
2026/6/26,L264583,C 類,已結案,OP-138,已回報,品保,永利,198,69.59
2026/6/4,L264931,其他,待處理,OP-141,,製造,永利,174,11.41
7月27日,L261670,其他,合格,OP-114,待確認,資材,順發,4,20.86
2026/6/16,L264692,C 類,待處理,OP-113,,研發,力鋼,222,85.15
0723,L267297,其他,已結案,OP-145,待確認,品保,捷欣,46,14.02
0705,L264095,其他,不合格,OP-114,,製造,力鋼,145,78.15
0612,L269467,A 類,合格,OP-140,待確認,研發,力鋼,28,20.06
2026/7/14,L264541,B 類,已結案,OP-124,,製造,力鋼,76,79.35
2026/6/20,L269482,其他,,OP-115,已回報,研發,東昇,36,66.86
2026/7/14,L265376,A 類,合格,OP-124,待確認,製造,捷欣,221,47.44
0716,L269832,C 類,不合格,OP-139,,品保,大宏,102,27.55
0624,L260178,其他,,OP-111,待確認,研發,東昇,237,59.23
2026/6/23,L263714,A 類,合格,OP-114,待確認,研發,順發,101,42.67
7月15日,L265842,A 類,待處理,OP-144,已回報,資材,力鋼,126,39.66
6月4日,L260256,B 類,已結案,OP-141,待確認,製造,順發,187,6.72
2026/7/28,L262073,B 類,已結案,OP-101,,研發,大宏,157,72.93
2026/6/8,L268317,C 類,,OP-107,已回報,研發,大宏,100,37.6
6月25日,L263343,A 類,合格,OP-139,,營運,大宏,156,45.32
0727,L260337,C 類,已結案,OP-120,已回報,資材,永利,17,85.45
0613,L263634,A 類,合格,OP-146,待確認,品保,力鋼,119,25.12
0622,L267933,C 類,待處理,OP-106,,營運,東昇,117,44.69
2026/6/11,L264423,C 類,不合格,OP-132,已回報,資材,大宏,41,92.63
7月15日,L264718,A 類,不合格,OP-127,,品保,順發,64,90.59
2026/6/22,L264463,B 類,待處理,OP-139,已回報,資材,順發,184,73.65
2026/6/6,L265292,A 類,不合格,OP-132,,營運,東昇,91,17.74
2026/7/21,L266812,C 類,,OP-122,,品保,東昇,168,78.19
6月19日,L269280,B 類,已結案,OP-108,,營運,大宏,218,76.89
7月7日,L267466,A 類,合格,OP-110,,品保,捷欣,216,32.82
0718,L261625,其他,,OP-144,,製造,東昇,59,5.05
7月23日,L262371,C 類,待處理,OP-116,,研發,力鋼,101,35.92
6月30日,L260897,C 類,已結案,OP-127,,營運,大宏,46,70.95
0701,L263470,其他,,OP-103,待確認,研發,大宏,114,10.1
6月18日,L262653,C 類,合格,OP-120,待確認,資材,東昇,76,31.31
0718,L261332,其他,待處理,OP-123,,品保,捷欣,180,93.66
2026/6/27,L260770,A 類,合格,OP-119,,研發,大宏,234,57.47
7月29日,L266799,C 類,,OP-146,,研發,永利,106,62.01
2026/6/26,L267166,A 類,待處理,OP-117,待確認,研發,大宏,201,92.98
0721,L260176,B 類,不合格,OP-129,,研發,捷欣,168,75.11
2026/7/6,L261767,C 類,已結案,OP-104,待確認,營運,順發,184,91.11
0624,L261152,C 類,合格,OP-137,待確認,資材,順發,138,87.1
2026/7/21,L265387,B 類,待處理,OP-103,,營運,大宏,178,58.22
0706,L262579,A 類,,OP-102,,製造,力鋼,25,42.92
2026/6/7,L268764,B 類,合格,OP-139,,研發,大宏,114,2.81
7月30日,L264261,B 類,待處理,OP-111,,研發,大宏,170,40.49
7月20日,L264520,其他,不合格,OP-140,待確認,資材,捷欣,150,47.28
2026/6/25,L268346,其他,待處理,OP-138,已回報,營運,永利,22,23.0
6月3日,L266070,C 類,不合格,OP-109,已回報,研發,順發,6,19.58
2026/6/18,L262640,B 類,待處理,OP-107,,品保,力鋼,216,41.55
7月23日,L267720,B 類,已結案,OP-118,已回報,品保,順發,49,63.01
0608,L260048,A 類,,OP-138,待確認,研發,東昇,55,83.37
2026/7/18,L267521,C 類,合格,OP-145,已回報,資材,捷欣,56,12.61
0609,L262551,B 類,,OP-139,,研發,大宏,191,82.49
0712,L261457,其他,不合格,OP-102,已回報,研發,大宏,16,97.52
0613,L265744,C 類,,OP-101,,資材,大宏,183,69.46
6月27日,L261936,C 類,合格,OP-112,待確認,研發,順發,220,86.15
0608,L265458,A 類,待處理,OP-133,,資材,力鋼,12,84.06
7月2日,L266666,B 類,待處理,OP-134,,製造,順發,222,15.16
6月22日,L264920,其他,,OP-120,,資材,東昇,79,12.3
2026/7/3,L264487,C 類,待處理,OP-131,,資材,力鋼,51,77.86
6月9日,L266664,B 類,不合格,OP-147,,製造,順發,15,30.67
6月10日,L260335,C 類,已結案,OP-102,,研發,東昇,93,53.48
6月23日,L262056,B 類,已結案,OP-104,待確認,營運,力鋼,133,12.08
7月23日,L264757,B 類,待處理,OP-122,,品保,大宏,132,49.92
7月21日,L269423,其他,待處理,OP-127,待確認,品保,力鋼,89,42.81
0612,L260477,其他,不合格,OP-105,待確認,品保,永利,220,92.41
2026/7/17,L260258,A 類,已結案,OP-125,,營運,大宏,216,12.85
2026/6/30,L268148,C 類,待處理,OP-129,已回報,研發,順發,75,58.2
7月22日,L268357,A 類,合格,OP-106,,品保,永利,10,52.28
2026/7/14,L263458,A 類,已結案,OP-139,,研發,捷欣,145,14.0
0627,L264048,C 類,,OP-129,已回報,研發,大宏,30,52.76
2026/6/9,L261949,C 類,不合格,OP-111,,研發,大宏,233,23.05
7月21日,L269285,A 類,已結案,OP-121,已回報,資材,順發,204,88.76
7月23日,L262556,C 類,合格,OP-137,,資材,力鋼,136,55.87
0728,L266642,A 類,合格,OP-108,待確認,研發,捷欣,172,54.28
0704,L267824,C 類,已結案,OP-128,已回報,品保,力鋼,148,25.13
2026/6/25,L269934,B 類,,OP-140,待確認,製造,永利,92,24.01
2026/7/28,L260788,B 類,待處理,OP-129,,製造,永利,213,54.09
6月25日,L261686,B 類,不合格,OP-114,,製造,順發,74,85.02
6月2日,L267921,其他,,OP-104,,研發,捷欣,6,95.89
0609,L263665,其他,已結案,OP-145,,製造,東昇,12,94.86
7月4日,L269068,B 類,,OP-125,,資材,大宏,22,3.58
0613,L267039,C 類,不合格,OP-139,,資材,捷欣,21,67.98
2026/7/14,L263743,A 類,合格,OP-115,待確認,製造,捷欣,191,19.0
2026/6/25,L268636,C 類,待處理,OP-117,,營運,東昇,49,5.99
0721,L265313,其他,不合格,OP-128,,品保,東昇,91,58.62
0617,L260795,B 類,不合格,OP-113,已回報,研發,東昇,163,67.46
0701,L262820,C 類,不合格,OP-109,,資材,力鋼,150,54.13
6月3日,L269529,其他,待處理,OP-145,,製造,東昇,198,13.88
6月14日,L267533,其他,待處理,OP-103,,研發,力鋼,75,51.45
2026/6/20,L260411,其他,,OP-121,,製造,順發,77,75.06
2026/6/6,L263138,A 類,不合格,OP-111,,資材,永利,125,37.75
2026/7/20,L268856,A 類,不合格,OP-115,,製造,力鋼,100,31.39
7月2日,L265378,其他,合格,OP-115,,品保,順發,88,21.56
6月16日,L266254,其他,,OP-113,,資材,捷欣,136,58.47
0615,L261417,其他,不合格,OP-140,,品保,順發,40,81.77
6月9日,L266598,其他,已結案,OP-136,,研發,捷欣,134,37.06
7月2日,L268494,B 類,,OP-142,待確認,資材,力鋼,235,47.96
7月29日,L264584,B 類,,OP-140,,資材,順發,125,34.14
7月22日,L263964,其他,已結案,OP-136,,營運,永利,51,79.04
2026/6/7,L265972,B 類,合格,OP-117,,製造,順發,107,14.19
0601,L263657,A 類,合格,OP-103,待確認,製造,永利,23600.0,47.36
2026/7/15,L266664,C 類,合格,OP-120,,研發,永利,22,93.22
2026/6/18,L266263,C 類,,OP-137,,製造,大宏,135,10.64
7月7日,L266151,B 類,,OP-148,已回報,資材,順發,107,71.2
0613,L261868,其他,不合格,OP-114,,營運,力鋼,106,32.24
6月24日,L262724,C 類,合格,OP-102,待確認,營運,力鋼,204,46.12
2026/6/13,L269931,C 類,不合格,OP-139,待確認,製造,力鋼,139,13.55
2026/7/8,L264836,A 類,不合格,OP-141,,製造,捷欣,165,51.94
2026/7/20,L266669,其他,不合格,OP-140,,製造,東昇,116,61.25
0708,L265370,A 類,,OP-112,,研發,永利,129,10.85
7月30日,L265345,C 類,待處理,OP-105,待確認,資材,捷欣,203,38.54
7月2日,L263877,其他,,OP-132,,製造,大宏,176,89.68
7月2日,L263034,B 類,已結案,OP-132,,研發,順發,93,67.99
0628,L261776,C 類,,OP-113,,營運,大宏,162,44.0
2026/6/20,L262064,其他,已結案,OP-112,待確認,製造,捷欣,147,92.17
2026/6/5,L264142,B 類,不合格,OP-126,,資材,永利,132,19.41
6月1日,L263293,A 類,已結案,OP-135,,資材,力鋼,12,12.7
2026/7/24,L263190,B 類,合格,OP-125,,製造,捷欣,120,60.11
2026/7/18,L261918,其他,已結案,OP-119,,製造,順發,229,12.52
2026/6/29,L262541,其他,,OP-145,待確認,資材,順發,124,14.95
2026/6/2,L260392,C 類,不合格,OP-141,,資材,永利,238,15.84
2026/6/24,L261370,A 類,待處理,OP-135,,製造,永利,18,22.84
0717,L267243,C 類,合格,OP-143,,品保,大宏,147,10.17
0708,L265562,C 類,已結案,OP-141,待確認,製造,順發,184,8.76
0609,L262565,B 類,合格,OP-105,已回報,製造,永利,69,51.04
2026/6/30,L263532,C 類,,OP-108,,製造,永利,24,25.07
7月8日,L266854,C 類,,OP-126,,品保,力鋼,126,19.43
2026/6/9,L261926,B 類,合格,OP-132,,研發,捷欣,207,90.61
2026/6/27,L269515,C 類,,OP-137,已回報,資材,力鋼,187,27.77
2026/6/11,L263195,A 類,已結案,OP-132,,營運,捷欣,7,65.9
2026/6/6,L260736,B 類,已結案,OP-117,待確認,資材,力鋼,52,89.74
2026/6/17,L261254,A 類,,OP-101,,品保,力鋼,160,24.98
7月23日,L268776,C 類,不合格,OP-132,已回報,製造,東昇,206,4.59
2026/6/16,L268944,其他,,OP-131,待確認,研發,順發,232,0.95
7月18日,L264429,A 類,已結案,OP-113,,製造,永利,79,81.56
0602,L269533,A 類,不合格,OP-107,,資材,捷欣,82,43.9
6月11日,L269496,A 類,不合格,OP-119,,營運,捷欣,54,90.7
2026/6/14,L267811,B 類,已結案,OP-112,已回報,品保,東昇,191,29.96
7月3日,L264258,A 類,,OP-114,已回報,資材,捷欣,108,22.5
2026/6/3,L261759,A 類,,OP-134,已回報,製造,順發,64,73.72
2026/7/20,L264940,其他,已結案,OP-145,,營運,捷欣,72,68.25
2026/7/24,L268752,其他,,OP-119,待確認,品保,捷欣,162,41.71
0609,L265999,其他,,OP-102,,製造,東昇,90,80.61
7月6日,L260164,C 類,已結案,OP-113,,製造,永利,151,68.93
6月18日,L261471,A 類,待處理,OP-105,已回報,品保,捷欣,137,79.96
7月18日,L262261,B 類,待處理,OP-126,已回報,資材,大宏,50,60.12
7月27日,L264978,A 類,,OP-142,待確認,製造,大宏,53,92.8
6月28日,L266257,A 類,已結案,OP-148,,品保,力鋼,89,75.43
6月29日,L268237,B 類,已結案,OP-124,,品保,順發,32,82.08
7月15日,L267446,C 類,,OP-140,已回報,營運,永利,94,94.45
6月12日,L267479,其他,不合格,OP-104,,製造,永利,232,37.35
0625,L265694,A 類,已結案,OP-117,待確認,資材,力鋼,139,20.61
7月20日,L264570,B 類,已結案,OP-105,已回報,營運,大宏,114,52.38
0619,L268097,C 類,,OP-110,,製造,順發,32,43.51
0612,L267559,A 類,,OP-101,已回報,製造,順發,64,80.17
7月5日,L262114,其他,,OP-143,已回報,營運,力鋼,78,87.63
0719,L264150,B 類,已結案,OP-113,,研發,永利,166,39.12
0601,L269353,其他,,OP-123,待確認,營運,捷欣,12,52.67
0629,L269294,C 類,待處理,OP-139,已回報,資材,東昇,103,12.97
6月6日,L266436,C 類,已結案,OP-125,待確認,製造,順發,71,60.2
6月13日,L262493,A 類,不合格,OP-131,,資材,力鋼,89,71.41
2026/6/19,L267577,A 類,,OP-101,,研發,捷欣,216,34.23
2026/7/13,L264099,B 類,,OP-125,,營運,捷欣,116,15.94
2026/6/1,L264369,B 類,已結案,OP-108,,品保,捷欣,149,31.76
0606,L264311,B 類,,OP-142,待確認,研發,東昇,185,78.1
2026/6/20,L262328,B 類,不合格,OP-115,,製造,捷欣,59,31.91
6月5日,L265819,C 類,已結案,OP-114,,資材,永利,163,96.66
2026/7/13,L261979,B 類,待處理,OP-129,,資材,力鋼,128,14.21
7月12日,L268166,A 類,待處理,OP-148,,營運,順發,94,87.73
2026/6/10,L264023,A 類,合格,OP-121,,營運,力鋼,208,1.41
0608,L268698,C 類,待處理,OP-113,已回報,資材,捷欣,110,18.88
0622,L261836,A 類,已結案,OP-141,已回報,品保,永利,147,66.93
2026/7/11,L260135,B 類,合格,OP-122,待確認,品保,順發,17,50.69
0603,L269289,C 類,,OP-131,,研發,捷欣,201,9.3
6月6日,L262127,A 類,,OP-105,已回報,營運,捷欣,53,76.43
0725,L261823,B 類,待處理,OP-133,,資材,捷欣,66,24.3
0728,L268063,B 類,,OP-105,,研發,大宏,118,7.65
6月13日,L267331,B 類,不合格,OP-121,,品保,捷欣,115,40.94
6月10日,L267130,B 類,合格,OP-107,,資材,東昇,234,75.86
0628,L263173,A 類,不合格,OP-118,待確認,品保,東昇,174,51.88
2026/6/8,L268341,其他,不合格,OP-126,,製造,東昇,101,33.63
7月6日,L260198,A 類,待處理,OP-106,,研發,捷欣,20,34.42
2026/7/20,L264057,A 類,,OP-122,已回報,研發,力鋼,197,77.93
2026/7/1,L267614,C 類,待處理,OP-120,,營運,東昇,148,61.2
6月25日,L263387,C 類,待處理,OP-113,,營運,順發,100,37.38
0616,L261727,B 類,待處理,OP-105,,品保,東昇,104,82.94
0621,L261528,B 類,已結案,OP-112,,研發,東昇,191,32.68
6月21日,L261733,其他,,OP-113,待確認,研發,力鋼,174,95.14
7月8日,L263811,其他,,OP-104,已回報,營運,順發,109,64.0
0725,L262469,其他,已結案,OP-143,已回報,研發,東昇,215,63.76
2026/7/19,L265926,B 類,,OP-130,已回報,品保,順發,51,22.82
7月1日,L265045,B 類,,OP-103,,製造,永利,182,68.27
2026/7/17,L264985,其他,合格,OP-133,,品保,順發,76,8.42
0612,L264746,A 類,,OP-122,待確認,資材,順發,51,83.31
2026/7/29,L265555,C 類,,OP-120,待確認,營運,力鋼,48,11.57
6月25日,L265487,C 類,已結案,OP-113,已回報,研發,順發,95,19.83
0710,L263916,C 類,,OP-102,,品保,捷欣,2,47.43
0611,L266320,A 類,,OP-110,,研發,永利,31,34.51
0703,L269122,其他,合格,OP-132,,研發,大宏,76,2.78
0620,L263462,B 類,已結案,OP-117,已回報,營運,捷欣,140,20.29
6月27日,L269889,A 類,已結案,OP-120,,營運,永利,31,61.76
0630,L260819,其他,,OP-112,,資材,力鋼,30,32.66
6月5日,L261564,C 類,已結案,OP-110,,資材,永利,135,68.96
0716,L263187,A 類,合格,OP-144,已回報,資材,大宏,27,27.32
0720,L260643,B 類,已結案,OP-130,待確認,研發,大宏,1,34.03
2026/7/8,L266913,A 類,不合格,OP-122,,製造,大宏,59,87.94
0718,L260528,A 類,,OP-144,待確認,研發,永利,91,30.93
2026/7/13,L269333,其他,已結案,OP-125,,營運,力鋼,68,29.76
7月16日,L269290,A 類,,OP-121,已回報,研發,捷欣,129,37.75
0609,L269039,C 類,待處理,OP-132,,製造,捷欣,62,69.31
6月11日,L266543,C 類,不合格,OP-115,,品保,順發,49,45.0
0615,L267827,C 類,待處理,OP-127,,製造,東昇,106,30.08
0723,L268968,C 類,不合格,OP-117,,研發,永利,52,10.63
0706,L263983,A 類,,OP-127,已回報,營運,力鋼,223,36.99
7月20日,L267237,B 類,已結案,OP-105,,營運,東昇,160,84.92
7月30日,L268528,其他,不合格,OP-141,已回報,資材,捷欣,88,68.23
7月24日,L261890,B 類,合格,OP-104,待確認,資材,大宏,35,90.86
6月4日,L265032,C 類,已結案,OP-127,,營運,大宏,44,17.96
0607,L268540,其他,待處理,OP-110,,品保,大宏,46,0.26
2026/7/9,L262044,A 類,不合格,OP-115,,資材,捷欣,183,89.12
2026/7/12,L263362,A 類,不合格,OP-110,已回報,品保,捷欣,75,71.52
0617,L260957,其他,待處理,OP-137,,營運,捷欣,12,92.4
2026/6/15,L265080,B 類,合格,OP-140,,研發,永利,239,85.07
7月11日,L263943,B 類,合格,OP-124,,資材,東昇,74,90.78
2026/7/15,L260161,C 類,,OP-121,待確認,研發,捷欣,238,95.56
0711,L265787,其他,,OP-119,待確認,資材,大宏,189,95.12
6月22日,L268110,B 類,合格,OP-119,已回報,研發,力鋼,79,58.01
0718,L267125,A 類,待處理,OP-122,,研發,東昇,207,97.57
2026/6/7,L264462,C 類,待處理,OP-103,已回報,資材,永利,95,36.1
7月11日,L266511,B 類,,OP-113,待確認,品保,順發,57,29.76
6月23日,L263768,A 類,不合格,OP-139,待確認,資材,永利,85,49.21
0629,L265419,其他,不合格,OP-130,已回報,品保,力鋼,191,9.54
7月3日,L268487,A 類,不合格,OP-123,,研發,力鋼,71,39.13
0611,L267681,B 類,已結案,OP-134,待確認,品保,力鋼,213,48.83
2026/7/18,L267880,A 類,不合格,OP-126,待確認,品保,大宏,108,10.72
6月1日,L268833,B 類,已結案,OP-145,待確認,品保,大宏,143,89.64
2026/7/27,L268098,C 類,,OP-137,,資材,東昇,132,6.73
2026/7/16,L263893,B 類,,OP-116,待確認,營運,永利,38,66.22
0601,L264413,C 類,已結案,OP-110,,營運,東昇,20,56.36
6月27日,L265126,其他,已結案,OP-108,待確認,資材,大宏,125,13.77
2026/7/11,L267638,C 類,,OP-133,已回報,品保,力鋼,11,37.91
0706,L267525,B 類,,OP-134,已回報,資材,東昇,127,56.96
7月5日,L267250,C 類,待處理,OP-105,,資材,順發,224,22.58
7月2日,L263617,其他,待處理,OP-129,,品保,東昇,76,46.17
2026/6/7,L264039,C 類,已結案,OP-109,待確認,營運,永利,119,8.11
6月27日,L268391,B 類,,OP-130,待確認,製造,順發,45,2.26
2026/7/27,L265117,C 類,不合格,OP-135,,資材,順發,62,16.07
7月23日,L263785,B 類,待處理,OP-130,待確認,資材,順發,237,47.2
0729,L265236,其他,已結案,OP-133,,營運,力鋼,70,67.42
2026/7/4,L265227,B 類,,OP-137,,製造,永利,211,84.61
0723,L269746,C 類,待處理,OP-110,,品保,捷欣,155,4.88
0717,L263083,B 類,,OP-103,,品保,順發,175,56.13
0722,L262764,B 類,合格,OP-107,,研發,永利,147,17.36
7月8日,L264882,C 類,,OP-115,,資材,永利,126,78.98
0603,L267622,C 類,,OP-123,已回報,製造,捷欣,101,86.93
2026/7/9,L262981,其他,不合格,OP-137,,營運,力鋼,86,69.82
2026/6/23,L267329,A 類,待處理,OP-115,已回報,研發,捷欣,230,82.06
2026/7/15,L264961,A 類,已結案,OP-122,待確認,品保,東昇,133,27.9
0724,L267640,C 類,已結案,OP-119,,製造,捷欣,129,93.12
7月21日,L269079,C 類,,OP-131,已回報,製造,捷欣,23,13.88
2026/6/24,L261289,A 類,待處理,OP-138,,營運,大宏,142,42.08
0618,L261117,A 類,,OP-143,,品保,東昇,199,44.23
0724,L265111,C 類,,OP-120,,營運,順發,209,55.04
7月17日,L261262,其他,不合格,OP-110,,製造,順發,146,54.01
2026/7/26,L261784,C 類,,OP-118,,資材,大宏,90,37.15
7月11日,L262580,C 類,待處理,OP-127,,研發,順發,41,83.59
7月24日,L268112,A 類,合格,OP-102,,資材,力鋼,35,74.07
2026/6/25,L267175,A 類,,OP-142,已回報,製造,東昇,227,0.3
0717,L260185,B 類,,OP-113,,品保,力鋼,170,26.91
0717,L260774,C 類,合格,OP-132,,研發,大宏,91,27.95
0719,L266123,A 類,合格,OP-111,待確認,品保,大宏,198,92.3
7月29日,L266575,其他,,OP-103,,資材,大宏,202,26.13
2026/6/11,L262730,C 類,合格,OP-102,待確認,研發,捷欣,16,4.79
7月4日,L269285,A 類,待處理,OP-144,,品保,大宏,195,34.57
0718,L263076,B 類,合格,OP-108,,製造,大宏,31,65.9
0623,L262495,A 類,合格,OP-139,,品保,順發,150,37.55
0615,L260022,A 類,,OP-132,,營運,捷欣,186,46.5
6月24日,L260240,B 類,待處理,OP-125,,品保,力鋼,155,53.1
0725,L265191,其他,合格,OP-120,已回報,研發,大宏,27,80.92
6月23日,L269815,B 類,,OP-138,待確認,營運,東昇,183,93.18
0609,L266732,C 類,不合格,OP-105,已回報,營運,東昇,139,49.73
2026/7/7,L262669,B 類,已結案,OP-148,,品保,捷欣,203,55.01
2026/6/13,L268539,其他,合格,OP-134,已回報,資材,順發,161,40.43
0714,L266613,其他,待處理,OP-111,,品保,永利,89,4.4
0728,L260336,C 類,待處理,OP-147,,製造,永利,120,64.81
2026/7/7,L260333,其他,,OP-123,待確認,資材,力鋼,70,29.9
6月9日,L268759,C 類,,OP-139,,資材,捷欣,74,5.88
0605,L260674,B 類,,OP-140,,製造,東昇,197,92.43
6月12日,L263158,C 類,,OP-127,,資材,捷欣,112,6.32
0622,L267840,其他,,OP-110,已回報,研發,永利,155,71.94
2026/7/10,L269660,B 類,已結案,OP-132,,營運,永利,102,56.21
0728,L261658,C 類,不合格,OP-143,待確認,資材,永利,233,71.12
7月13日,L267037,B 類,,OP-130,,營運,永利,202,91.56
6月26日,L265218,A 類,,OP-114,,營運,順發,237,18.97
7月12日,L268488,A 類,,OP-102,待確認,研發,順發,70,74.54
0605,L264597,其他,,OP-111,,品保,力鋼,166,8.1
0622,L264096,B 類,不合格,OP-109,已回報,資材,捷欣,74,66.67
6月9日,L264729,B 類,,OP-119,已回報,品保,永利,191,56.9
0608,L263479,A 類,已結案,OP-128,,研發,東昇,181,26.93
0713,L261475,C 類,,OP-131,待確認,營運,順發,93,41.1
7月15日,L263399,C 類,待處理,OP-101,,品保,大宏,155,34.2
0728,L267353,其他,不合格,OP-126,待確認,營運,捷欣,45,63.87
0620,L266672,C 類,不合格,OP-114,,研發,力鋼,222,7.63
0620,L265744,A 類,,OP-131,,研發,捷欣,104,72.51
0724,L263281,C 類,已結案,OP-136,,製造,東昇,117,67.23
7月29日,L267527,A 類,已結案,OP-121,,製造,力鋼,8,32.29
7月9日,L268924,A 類,,OP-107,,品保,永利,80,61.17
0708,L267647,A 類,,OP-145,待確認,研發,捷欣,168,39.15
0719,L269478,C 類,不合格,OP-107,,營運,順發,91,26.08
6月9日,L263763,A 類,不合格,OP-131,,資材,永利,222,83.94
0717,L261652,B 類,,OP-116,,營運,大宏,140,24.11
0719,L268714,C 類,不合格,OP-116,,營運,捷欣,87,18.91
0612,L269945,其他,合格,OP-101,已回報,製造,大宏,8,65.65
0618,L261715,其他,待處理,OP-123,待確認,研發,捷欣,212,87.53
7月22日,L264062,其他,已結案,OP-108,已回報,資材,順發,159,30.35
2026/7/21,L260471,A 類,合格,OP-114,,資材,東昇,133,70.36
7月20日,L260912,A 類,,OP-136,待確認,品保,順發,233,81.48
2026/7/13,L260425,C 類,,OP-115,,品保,永利,44,80.15
0729,L260536,C 類,合格,OP-146,,研發,大宏,68,27.57
7月6日,L263660,其他,,OP-148,,研發,捷欣,109,31.65
2026/7/1,L269857,C 類,合格,OP-141,,營運,永利,74,43.47
6月4日,L263492,A 類,已結案,OP-132,已回報,品保,力鋼,230,7.46
0727,L267774,A 類,,OP-137,,資材,捷欣,218,69.54
0608,L267615,B 類,待處理,OP-104,,製造,東昇,19,69.47
0720,L269756,A 類,已結案,OP-111,,營運,大宏,217,74.99
7月6日,L265095,其他,不合格,OP-121,已回報,研發,力鋼,11,92.81
2026/7/29,L261260,B 類,已結案,OP-119,,營運,順發,12,18.69
0712,L261280,其他,待處理,OP-117,,品保,大宏,126,29.77
2026/6/8,L265787,C 類,,OP-134,,營運,順發,21,16.73
6月7日,L264522,其他,待處理,OP-144,,營運,東昇,131,58.36
6月11日,L261473,其他,已結案,OP-114,,資材,東昇,2,97.68
0721,L269651,B 類,不合格,OP-130,,品保,永利,108,43.55
2026/7/11,L260541,其他,已結案,OP-137,已回報,資材,東昇,125,80.86
2026/7/30,L264046,A 類,不合格,OP-139,待確認,製造,順發,8,56.31
0715,L264991,B 類,合格,OP-111,,製造,力鋼,192,4.35
0702,L268689,其他,不合格,OP-113,,研發,東昇,125,63.9
6月22日,L263088,其他,不合格,OP-102,待確認,研發,捷欣,139,57.06
6月12日,L268280,B 類,已結案,OP-107,,營運,順發,18,67.35
2026/6/21,L266262,A 類,已結案,OP-148,,營運,東昇,238,56.33
0717,L261422,其他,,OP-145,,資材,力鋼,127,58.2
6月17日,L265953,B 類,合格,OP-138,,資材,大宏,215,5.42
6月24日,L262811,B 類,不合格,OP-129,,製造,捷欣,86,63.48
0629,L268342,其他,,OP-119,待確認,研發,永利,89,39.67
2026/6/14,L267111,其他,合格,OP-110,已回報,品保,大宏,42,87.89
0626,L261494,其他,合格,OP-148,,製造,順發,44,26.71
7月3日,L260830,A 類,不合格,OP-130,已回報,營運,大宏,58,85.06
6月14日,L269161,其他,合格,OP-120,已回報,品保,順發,47,13.9
0705,L264721,A 類,合格,OP-112,已回報,製造,大宏,168,48.47
2026/6/21,L261943,C 類,待處理,OP-134,已回報,營運,東昇,58,19.82
7月8日,L264641,其他,待處理,OP-135,,營運,東昇,83,24.33
0719,L266328,C 類,待處理,OP-143,,品保,大宏,41,15.97
6月13日,L261616,C 類,不合格,OP-119,,品保,力鋼,51,79.95
2026/7/11,L260327,其他,待處理,OP-142,,資材,捷欣,12,10.4
0720,L269388,C 類,已結案,OP-108,,資材,永利,124,47.15
2026/7/28,L268419,其他,已結案,OP-113,,研發,順發,28,36.59
6月22日,L266323,其他,不合格,OP-123,已回報,製造,東昇,186,45.65
0720,L260926,B 類,,OP-125,,品保,順發,182,7.84
0703,L265212,C 類,已結案,OP-148,待確認,營運,大宏,140,28.75
0709,L260777,C 類,不合格,OP-131,已回報,品保,永利,63,24.4
2026/7/4,L262683,其他,,OP-131,,製造,順發,40,54.86
2026/6/9,L262071,C 類,合格,OP-112,,營運,順發,154,80.44
2026/7/4,L260656,A 類,不合格,OP-126,,研發,永利,215,87.9
2026/7/23,L268879,其他,合格,OP-102,,資材,順發,139,63.01
0610,L261061,其他,已結案,OP-112,待確認,製造,力鋼,201,94.12
2026/7/29,L261569,A 類,待處理,OP-139,,營運,大宏,171,87.49
2026/7/2,L269259,其他,,OP-137,待確認,資材,東昇,2500.0,50.28
2026/7/15,L269148,B 類,不合格,OP-147,待確認,研發,大宏,31,52.49
2026/6/3,L264517,B 類,待處理,OP-138,,製造,大宏,8,43.69
2026/6/18,L268815,A 類,,OP-107,,製造,順發,18,76.45
0703,L260346,其他,,OP-131,,資材,力鋼,84,84.32
2026/6/19,L263428,C 類,,OP-135,,品保,力鋼,84,40.65
0609,L269196,B 類,,OP-136,,研發,順發,75,93.69
2026/6/21,L265578,C 類,已結案,OP-142,,營運,大宏,87,15.19
0621,L260673,其他,,OP-133,,研發,永利,209,70.43
6月6日,L261021,其他,,OP-119,,製造,捷欣,228,41.91
2026/7/23,L261321,A 類,已結案,OP-122,已回報,營運,力鋼,113,46.38
2026/6/29,L267619,其他,不合格,OP-137,已回報,品保,永利,130,80.24
2026/6/12,L260249,B 類,不合格,OP-122,,資材,永利,98,37.54
2026/6/22,L264523,其他,不合格,OP-137,待確認,研發,大宏,224,86.3
2026/7/25,L268850,A 類,待處理,OP-125,已回報,營運,永利,69,75.84
7月19日,L266220,A 類,合格,OP-111,已回報,製造,順發,95,5.18
6月7日,L263429,B 類,待處理,OP-101,待確認,製造,力鋼,40,21.75
2026/7/21,L266222,C 類,不合格,OP-105,,製造,順發,183,85.43
0702,L266434,其他,待處理,OP-113,已回報,研發,永利,74,14.77
0717,L265886,A 類,待處理,OP-133,,資材,永利,35,17.41
7月1日,L262586,B 類,,OP-114,,營運,大宏,28,27.08
2026/6/21,L261785,B 類,待處理,OP-133,,資材,大宏,164,68.5
0722,L268039,C 類,合格,OP-121,,營運,大宏,18,77.57
2026/7/29,L268269,A 類,,OP-137,待確認,製造,大宏,161,39.71
2026/7/14,L269351,其他,,OP-143,,研發,順發,8,42.52
6月16日,L264222,其他,,OP-133,,研發,永利,101,29.42
2026/6/28,L268084,B 類,,OP-116,待確認,資材,力鋼,82,0.79
6月18日,L262374,其他,不合格,OP-122,,品保,力鋼,27,75.22
0629,L261679,C 類,,OP-138,,品保,捷欣,190,72.43
0615,L264682,B 類,,OP-132,,品保,東昇,185,1.81
0727,L261834,C 類,待處理,OP-146,待確認,品保,東昇,17,61.79
6月18日,L261987,B 類,合格,OP-145,已回報,品保,東昇,168,85.53
2026/7/27,L260035,其他,,OP-114,,資材,捷欣,116,76.29
2026/7/24,L263051,C 類,不合格,OP-128,待確認,製造,捷欣,225,3.18
2026/7/4,L266949,B 類,已結案,OP-146,,營運,順發,220,25.87
7月25日,L261672,B 類,,OP-143,,營運,永利,234,91.52
2026/6/14,L260185,B 類,已結案,OP-145,,資材,順發,185,38.22
0711,L260340,C 類,不合格,OP-124,,品保,永利,183,51.83
0610,L269390,其他,不合格,OP-128,,品保,永利,224,27.42
0730,L269466,其他,合格,OP-129,已回報,品保,捷欣,74,34.52
7月22日,L262341,C 類,不合格,OP-127,,資材,永利,161,92.33
7月26日,L264291,B 類,,OP-117,,營運,大宏,223,42.67
0705,L268783,其他,已結案,OP-112,待確認,研發,大宏,70,93.51
0722,L268453,A 類,不合格,OP-116,已回報,品保,捷欣,21,10.45
0720,L260591,其他,已結案,OP-129,已回報,資材,永利,214,2.79
2026/7/23,L268351,B 類,已結案,OP-104,,營運,永利,34,67.16
6月22日,L267039,B 類,不合格,OP-120,待確認,營運,永利,133,27.12
2026/6/18,L267047,C 類,合格,OP-122,已回報,研發,永利,18,95.42
2026/6/29,L267916,C 類,合格,OP-134,待確認,品保,東昇,141,58.12
2026/7/16,L268187,A 類,,OP-142,,製造,大宏,181,44.81
7月23日,L267685,A 類,已結案,OP-126,,營運,順發,155,73.79
2026/6/10,L268152,B 類,不合格,OP-145,,品保,大宏,190,39.09
6月23日,L260020,B 類,,OP-104,待確認,資材,大宏,88,66.64
2026/6/21,L263930,A 類,已結案,OP-116,,品保,捷欣,232,94.8
2026/6/5,L262370,其他,待處理,OP-124,已回報,資材,捷欣,65,49.69
0727,L269664,其他,待處理,OP-139,,製造,東昇,167,1.02
6月11日,L266053,A 類,已結案,OP-146,已回報,營運,東昇,91,5.43
6月4日,L269482,B 類,,OP-128,,製造,永利,38,15.81
0628,L267691,A 類,,OP-105,已回報,研發,捷欣,110,40.48
2026/6/15,L266792,C 類,不合格,OP-137,待確認,營運,力鋼,43,34.13
7月28日,L262064,其他,,OP-102,,研發,永利,218,95.39
0713,L269723,C 類,待處理,OP-115,,營運,力鋼,178,64.78
0720,L269445,A 類,,OP-108,,研發,永利,112,79.6
6月25日,L264523,C 類,,OP-108,,資材,順發,55,83.84
2026/6/1,L262232,B 類,不合格,OP-131,已回報,營運,永利,44,58.67
2026/6/21,L267482,C 類,不合格,OP-137,,品保,永利,64,44.93
6月2日,L260289,C 類,不合格,OP-137,,製造,順發,32,41.69
7月30日,L264393,C 類,待處理,OP-141,,品保,大宏,15,86.95
7月16日,L268515,C 類,不合格,OP-127,,營運,大宏,47,38.56
0625,L264512,A 類,合格,OP-114,待確認,研發,順發,190,94.93
0615,L265168,B 類,不合格,OP-126,,品保,捷欣,7,49.16
7月15日,L269426,C 類,不合格,OP-101,待確認,資材,順發,84,68.99
2026/7/7,L265482,B 類,已結案,OP-111,待確認,營運,永利,195,75.92
7月14日,L266664,其他,不合格,OP-141,待確認,品保,力鋼,54,51.23
2026/6/10,L265230,A 類,合格,OP-115,已回報,品保,大宏,206,24.34
6月24日,L262441,A 類,不合格,OP-119,,製造,順發,4,13.56
2026/6/27,L262771,其他,合格,OP-119,待確認,資材,力鋼,197,30.13
2026/7/14,L267939,C 類,,OP-121,已回報,製造,順發,130,74.61
2026/7/11,L265652,C 類,,OP-148,,營運,東昇,54,59.47
6月2日,L269729,B 類,,OP-131,,研發,順發,132,59.34
6月14日,L261755,A 類,,OP-109,待確認,研發,東昇,81,35.88
2026/7/12,L261124,C 類,不合格,OP-123,,製造,力鋼,157,46.44
6月11日,L268970,C 類,已結案,OP-131,已回報,品保,力鋼,17,11.37
0622,L263532,B 類,不合格,OP-133,,營運,東昇,131,19.08
0610,L261955,B 類,合格,OP-114,待確認,資材,永利,201,69.59
6月9日,L260346,A 類,,OP-107,,營運,力鋼,46,75.96
0621,L269543,C 類,待處理,OP-103,,資材,捷欣,172,11.61
7月26日,L263727,其他,,OP-139,,製造,力鋼,157,80.42
0728,L264069,C 類,待處理,OP-124,,品保,捷欣,200,56.69
0701,L265966,A 類,,OP-129,已回報,營運,大宏,62,86.61
2026/6/21,L269011,A 類,待處理,OP-111,已回報,資材,永利,192,90.34
2026/6/5,L264366,C 類,不合格,OP-103,,品保,永利,196,29.65
2026/7/22,L262824,A 類,,OP-136,已回報,資材,大宏,147,51.54
2026/7/18,L260172,C 類,,OP-147,,製造,順發,160,71.33
0619,L266652,其他,,OP-147,,製造,力鋼,4,90.39
0701,L261079,C 類,已結案,OP-118,已回報,研發,力鋼,42,15.2
0605,L263586,C 類,待處理,OP-137,,營運,東昇,172,72.3
7月7日,L262367,C 類,合格,OP-129,已回報,研發,順發,95,53.44
2026/6/28,L269652,B 類,合格,OP-105,,資材,大宏,2,46.43
0723,L261480,B 類,待處理,OP-128,,研發,力鋼,146,29.38
2026/7/2,L265054,其他,待處理,OP-127,待確認,營運,力鋼,1,15.34
2026/6/12,L267717,C 類,合格,OP-110,已回報,資材,大宏,137,25.12
0617,L269932,B 類,,OP-113,待確認,製造,永利,142,25.18
2026/6/14,L262054,B 類,不合格,OP-129,待確認,資材,永利,30,77.67
0706,L263342,B 類,合格,OP-110,已回報,研發,捷欣,220,85.92
0605,L263972,其他,待處理,OP-124,,研發,永利,178,52.52
0627,L269437,A 類,,OP-102,已回報,研發,永利,220,89.26
6月6日,L266066,其他,待處理,OP-111,,營運,捷欣,129,17.38
6月19日,L261946,C 類,,OP-103,待確認,資材,永利,130,14.03
7月19日,L264237,B 類,不合格,OP-139,,研發,順發,90,80.72
7月22日,L262264,A 類,不合格,OP-131,,品保,東昇,90,13.86
6月19日,L262821,B 類,待處理,OP-101,待確認,研發,永利,61,94.08
2026/7/29,L261310,其他,已結案,OP-139,,資材,永利,216,3.51
0608,L262119,C 類,待處理,OP-129,待確認,製造,捷欣,33,96.49
2026/7/1,L263882,其他,合格,OP-126,待確認,研發,大宏,128,71.13
0713,L262857,其他,合格,OP-123,,品保,大宏,46,10.97
7月29日,L264986,其他,不合格,OP-143,已回報,研發,大宏,223,10.45
2026/7/14,L264970,A 類,已結案,OP-104,,研發,大宏,112,64.05
0607,L265639,B 類,待處理,OP-122,待確認,研發,捷欣,187,37.19
0705,L266654,其他,待處理,OP-123,待確認,研發,捷欣,135,45.07
0717,L262026,B 類,合格,OP-119,,製造,大宏,93,79.98
0713,L263758,A 類,合格,OP-115,已回報,研發,永利,162,78.13
6月30日,L262539,B 類,已結案,OP-127,已回報,製造,永利,98,9.1
6月28日,L266362,其他,,OP-137,,品保,永利,68,17.27
0611,L264567,其他,合格,OP-116,已回報,製造,大宏,228,18.19
6月25日,L264113,C 類,,OP-133,待確認,研發,順發,211,26.18
2026/7/14,L262588,C 類,合格,OP-123,,資材,大宏,143,73.77
2026/7/4,L267723,C 類,合格,OP-123,,製造,東昇,118,50.6
6月12日,L261054,A 類,不合格,OP-121,,資材,力鋼,218,19.51
0707,L260584,其他,,OP-108,,製造,力鋼,40,37.98
6月26日,L260962,其他,合格,OP-124,,營運,東昇,134,91.5
0609,L262545,B 類,待處理,OP-145,,資材,捷欣,79,16.76
2026/6/26,L268980,A 類,已結案,OP-107,待確認,資材,東昇,193,10.09
2026/7/3,L263873,A 類,,OP-117,已回報,研發,大宏,20,49.65
0618,L264236,C 類,,OP-121,,製造,大宏,2,7.22
0707,L260086,B 類,合格,OP-144,,製造,力鋼,198,29.88
2026/6/3,L262258,C 類,合格,OP-113,,製造,永利,88,15.36
6月21日,L263053,其他,,OP-142,,品保,大宏,93,71.71
2026/6/12,L263597,A 類,,OP-115,,資材,東昇,189,88.89
0607,L265431,B 類,合格,OP-130,,製造,東昇,220,74.26
2026/6/1,L262782,C 類,待處理,OP-134,已回報,研發,東昇,143,24.5
2026/7/18,L264818,C 類,合格,OP-140,,資材,大宏,16,0.38
0611,L262216,C 類,合格,OP-129,,營運,永利,71,70.41
0606,L262549,B 類,待處理,OP-112,待確認,品保,順發,186,47.26
0717,L261539,其他,,OP-133,已回報,製造,順發,56,49.93
2026/7/13,L261411,其他,合格,OP-138,待確認,品保,捷欣,129,36.39
0725,L262724,其他,合格,OP-139,,製造,大宏,74,11.56
0706,L265940,C 類,,OP-122,,營運,大宏,101,59.15
6月11日,L261750,C 類,已結案,OP-137,待確認,資材,捷欣,235,64.83
0702,L262590,A 類,不合格,OP-122,已回報,資材,捷欣,201,39.33
2026/7/6,L263664,A 類,不合格,OP-115,,營運,永利,111,31.96
0620,L262872,C 類,,OP-139,,品保,力鋼,159,93.44
0723,L266762,A 類,,OP-126,,研發,順發,115,44.01
7月5日,L265898,A 類,合格,OP-105,,營運,東昇,108,29.04
7月4日,L261311,C 類,不合格,OP-113,,資材,東昇,93,40.28
2026/6/25,L267667,其他,,OP-125,已回報,製造,永利,49,0.88
7月1日,L264446,其他,合格,OP-134,,資材,大宏,79,5.47
2026/6/28,L262853,A 類,合格,OP-132,,資材,順發,148,29.78
7月21日,L269058,C 類,,OP-117,待確認,品保,大宏,226,49.69
2026/6/7,L269412,B 類,合格,OP-120,待確認,營運,大宏,178,73.6
7月18日,L261318,A 類,,OP-136,,營運,捷欣,100.0,83.18
0617,L260261,C 類,不合格,OP-138,,品保,永利,143,56.49
6月12日,L264091,C 類,已結案,OP-109,已回報,品保,力鋼,6,85.87
2026/7/29,L264579,B 類,不合格,OP-135,已回報,研發,永利,107,1.3
6月9日,L267330,C 類,不合格,OP-139,已回報,資材,順發,93,23.28
6月15日,L269116,C 類,已結案,OP-143,,製造,東昇,177,86.9
0626,L261841,B 類,已結案,OP-105,待確認,品保,力鋼,3,75.71
6月23日,L264933,C 類,不合格,OP-137,,品保,捷欣,13,41.66
0621,L266559,其他,已結案,OP-104,已回報,研發,順發,25,14.95
6月11日,L269236,C 類,已結案,OP-120,,資材,大宏,117,62.47
6月2日,L269829,其他,,OP-136,,營運,捷欣,3,34.9
2026/7/20,L263040,其他,合格,OP-107,,製造,捷欣,17,14.26
2026/6/15,L267738,B 類,已結案,OP-123,,品保,永利,117,82.1
7月6日,L266428,A 類,合格,OP-132,,製造,大宏,160,26.95
2026/6/24,L269164,C 類,,OP-144,,研發,順發,23,30.58
7月28日,L268710,A 類,,OP-117,,研發,力鋼,165,42.68
6月7日,L260424,A 類,已結案,OP-115,已回報,品保,東昇,41,48.04
0614,L269330,其他,已結案,OP-110,,資材,力鋼,216,80.68
7月7日,L265617,其他,合格,OP-118,,製造,大宏,153,47.76
2026/7/16,L267995,C 類,不合格,OP-108,,研發,力鋼,102,55.95
2026/6/11,L269237,其他,,OP-130,待確認,營運,大宏,29,80.93
2026/6/1,L269469,B 類,待處理,OP-130,,品保,永利,204,79.71
0620,L269785,其他,待處理,OP-117,,研發,順發,152,48.61
2026/7/13,L261337,A 類,合格,OP-147,已回報,品保,大宏,196,90.51
0623,L264118,A 類,待處理,OP-112,待確認,研發,永利,126,0.67
0623,L267665,B 類,不合格,OP-112,,研發,順發,199,2.71
6月9日,L268687,A 類,不合格,OP-107,已回報,研發,永利,212,48.09
2026/6/18,L269558,其他,待處理,OP-114,,研發,力鋼,84,52.86
0616,L268789,C 類,合格,OP-105,已回報,資材,大宏,214,4.32
0710,L265981,C 類,合格,OP-138,,資材,大宏,105,93.24
7月7日,L268850,C 類,,OP-144,,研發,順發,44,30.84
2026/6/21,L263660,B 類,合格,OP-105,,品保,永利,41,23.73
2026/7/17,L267663,C 類,已結案,OP-133,,製造,力鋼,66,82.36
6月17日,L265517,A 類,合格,OP-110,,製造,力鋼,186,15.61
2026/7/5,L267984,B 類,,OP-122,待確認,研發,大宏,189,41.76
2026/6/4,L268252,其他,合格,OP-115,已回報,營運,力鋼,127,96.23
2026/6/19,L264882,C 類,不合格,OP-143,,營運,永利,240,79.22
2026/6/12,L267810,其他,合格,OP-133,待確認,資材,東昇,215,70.86
2026/7/5,L266873,A 類,待處理,OP-148,待確認,研發,永利,12,10.22
6月14日,L260917,其他,,OP-124,,製造,捷欣,83,62.31
2026/7/19,L267695,A 類,待處理,OP-125,待確認,研發,大宏,178,32.18
2026/6/17,L262372,A 類,合格,OP-111,已回報,資材,大宏,76,26.72
6月15日,L264255,其他,,OP-140,,製造,力鋼,139,83.53
7月24日,L265544,B 類,不合格,OP-130,待確認,製造,順發,67,31.75
0602,L261892,其他,不合格,OP-147,,研發,永利,11,0.76
2026/7/5,L264796,C 類,不合格,OP-125,,營運,大宏,134,16.78
6月29日,L269483,B 類,不合格,OP-135,已回報,品保,永利,142,43.77
6月27日,L262059,其他,,OP-106,已回報,研發,東昇,207,33.6
0707,L269314,其他,已結案,OP-112,待確認,資材,捷欣,20,82.96
2026/6/18,L263666,A 類,不合格,OP-105,,研發,永利,89,2.13
7月20日,L267191,A 類,待處理,OP-103,,品保,力鋼,217,50.82
2026/6/13,L266918,B 類,,OP-142,已回報,製造,永利,33,70.61
7月27日,L261446,A 類,已結案,OP-104,,製造,大宏,19,85.4
7月25日,L261817,B 類,合格,OP-120,,資材,東昇,16,60.25
6月6日,L262864,其他,已結案,OP-111,,營運,永利,14200.0,50.23
2026/6/7,L265591,C 類,已結案,OP-117,已回報,營運,大宏,87,97.69
6月19日,L265716,C 類,合格,OP-128,已回報,製造,大宏,47,56.3
0727,L260091,C 類,不合格,OP-110,待確認,研發,順發,107,72.38
7月7日,L264555,其他,待處理,OP-108,,品保,永利,152,49.07
0703,L267064,其他,待處理,OP-121,已回報,品保,東昇,65,69.52
0716,L264678,其他,合格,OP-141,待確認,營運,永利,221,59.05
0615,L267583,其他,,OP-102,,營運,力鋼,143,78.26
7月23日,L266274,B 類,,OP-142,待確認,營運,大宏,73,32.13
0719,L267331,C 類,合格,OP-147,,營運,捷欣,38,13.68
0708,L267226,A 類,合格,OP-148,,研發,順發,187,90.21
0613,L260730,其他,,OP-129,,品保,永利,15,21.19
0701,L265863,C 類,,OP-135,已回報,品保,永利,212,58.19
2026/6/24,L263429,B 類,待處理,OP-121,,研發,力鋼,107,89.54
0729,L261779,其他,已結案,OP-130,,營運,永利,210,86.09
2026/7/30,L265354,C 類,,OP-120,,研發,永利,116,34.85
7月26日,L266028,A 類,合格,OP-112,已回報,製造,順發,228,29.98
6月2日,L266557,C 類,不合格,OP-121,,製造,大宏,19,70.95
2026/6/1,L262416,其他,合格,OP-148,,製造,力鋼,170,31.3
7月25日,L268170,B 類,待處理,OP-126,待確認,研發,順發,74,21.38
2026/6/1,L267065,A 類,不合格,OP-143,待確認,品保,捷欣,69,50.63
2026/7/30,L266240,C 類,待處理,OP-115,,營運,順發,175,53.03
6月8日,L262940,A 類,待處理,OP-116,已回報,資材,順發,200,35.27
7月24日,L260972,B 類,,OP-101,,資材,大宏,133,65.33
2026/7/28,L266951,A 類,不合格,OP-126,,研發,順發,90,31.29
0607,L267076,C 類,,OP-107,,研發,永利,9,88.61
0704,L263260,C 類,,OP-142,已回報,研發,永利,79,10.6
0630,L261487,A 類,不合格,OP-117,,營運,東昇,106,39.14
0629,L263516,其他,不合格,OP-107,,資材,大宏,211,55.42
6月6日,L261914,A 類,已結案,OP-131,待確認,資材,順發,168,29.73
2026/6/29,L261557,B 類,不合格,OP-130,,資材,永利,19,80.8
0619,L268134,C 類,已結案,OP-121,,資材,力鋼,18,75.98
7月17日,L266331,B 類,合格,OP-138,,品保,力鋼,70,55.12
6月11日,L263218,其他,不合格,OP-112,,研發,捷欣,26,32.59
6月5日,L266332,A 類,,OP-145,,資材,東昇,5,8.25
0611,L260987,A 類,,OP-144,待確認,製造,永利,192,88.93
2026/7/10,L266759,C 類,,OP-148,,營運,順發,226,7.44
2026/6/16,L261231,其他,,OP-142,,製造,東昇,192,61.89
0701,L268392,B 類,不合格,OP-144,已回報,資材,順發,29,56.21
0726,L261198,C 類,,OP-115,已回報,製造,捷欣,151,60.48
7月9日,L267153,C 類,,OP-107,,製造,大宏,157,1.88
0708,L263052,B 類,待處理,OP-136,待確認,製造,順發,216,67.97
6月26日,L268465,C 類,不合格,OP-135,已回報,品保,東昇,133,59.19
0606,L266120,A 類,不合格,OP-107,,研發,東昇,146,54.86
0719,L263114,B 類,已結案,OP-126,已回報,營運,力鋼,157,61.45
7月25日,L260823,其他,已結案,OP-137,待確認,品保,大宏,114,75.45
7月20日,L268454,B 類,合格,OP-104,,品保,永利,32,96.33
0728,L261088,B 類,已結案,OP-117,,製造,力鋼,83,1.74
0705,L262145,B 類,合格,OP-106,,營運,力鋼,207,9.71
7月23日,L260953,C 類,合格,OP-146,,製造,捷欣,204,33.76
0705,L265970,C 類,,OP-121,已回報,營運,力鋼,188,66.9
2026/7/19,L263498,C 類,不合格,OP-105,,品保,力鋼,144,80.77
0615,L262939,其他,不合格,OP-139,,製造,順發,176,36.13
2026/7/28,L266010,A 類,已結案,OP-141,待確認,製造,順發,156,29.2
7月16日,L266357,A 類,已結案,OP-112,,品保,順發,133,51.36
0709,L260113,C 類,待處理,OP-112,,研發,力鋼,82,30.36
7月10日,L260881,B 類,已結案,OP-112,待確認,資材,捷欣,176,46.34
0629,L262984,A 類,,OP-106,,製造,順發,40,1.61
0626,L268495,C 類,,OP-137,已回報,營運,永利,135,45.67
7月11日,L264017,A 類,,OP-133,,營運,大宏,192,32.75
0602,L265239,A 類,,OP-139,,研發,永利,61,33.97
2026/7/16,L260427,A 類,不合格,OP-147,,研發,大宏,100,78.83
7月13日,L260650,B 類,,OP-116,,品保,力鋼,110,81.4
2026/7/19,L268119,C 類,不合格,OP-112,,製造,捷欣,130,82.64
6月17日,L265183,C 類,已結案,OP-110,,營運,永利,88,69.53
7月8日,L267048,其他,合格,OP-138,待確認,品保,捷欣,226,20.93
0702,L263479,C 類,,OP-127,,資材,力鋼,17,84.11
0702,L265352,B 類,已結案,OP-128,,營運,捷欣,59,3.5
2026/7/19,L260418,其他,不合格,OP-116,,製造,永利,205,50.35
7月27日,L264099,其他,待處理,OP-118,待確認,營運,力鋼,68,37.85
2026/7/7,L261655,A 類,已結案,OP-133,待確認,品保,捷欣,149,26.93
7月25日,L261794,A 類,不合格,OP-145,,營運,順發,200,76.76
0724,L269232,B 類,,OP-108,已回報,營運,力鋼,84,29.73
0711,L267260,C 類,,OP-142,,品保,永利,170,38.71
0717,L269278,A 類,已結案,OP-102,待確認,品保,力鋼,116,36.77
0605,L261997,C 類,合格,OP-108,待確認,製造,永利,129,75.79
2026/6/10,L265646,A 類,已結案,OP-114,,品保,大宏,213,60.16
2026/6/1,L266410,C 類,待處理,OP-144,待確認,研發,東昇,239,28.3
2026/6/11,L262976,其他,,OP-144,待確認,品保,大宏,92,58.26
7月6日,L265337,B 類,待處理,OP-107,,資材,捷欣,146,18.41
2026/7/9,L260740,其他,,OP-127,,品保,東昇,108,23.99
0706,L261281,B 類,待處理,OP-107,,製造,捷欣,20,29.77
6月8日,L269860,C 類,,OP-116,,資材,永利,80,19.4
0709,L267154,C 類,不合格,OP-101,,資材,東昇,231,74.45
2026/6/30,L268321,其他,,OP-110,已回報,製造,大宏,53,54.37
2026/6/10,L260392,C 類,已結案,OP-139,,營運,東昇,32,89.34
2026/7/9,L267859,C 類,,OP-126,,營運,力鋼,121,4.04
2026/6/20,L266377,B 類,待處理,OP-104,待確認,製造,力鋼,167,27.51
0604,L266780,B 類,,OP-108,已回報,營運,順發,79,56.1
0707,L266796,C 類,待處理,OP-144,,品保,捷欣,18,77.24
0710,L262282,其他,不合格,OP-101,,營運,力鋼,93,86.45
2026/7/22,L267461,A 類,,OP-145,,營運,大宏,93,38.63
7月30日,L267240,C 類,合格,OP-102,待確認,營運,力鋼,149,28.73
7月20日,L264137,B 類,合格,OP-116,已回報,營運,捷欣,92,80.04
2026/7/5,L268948,B 類,不合格,OP-110,待確認,營運,東昇,183,13.54
0620,L269446,A 類,合格,OP-131,待確認,品保,東昇,45,87.72
0719,L269071,C 類,待處理,OP-140,,製造,東昇,188,50.37
7月2日,L262430,A 類,,OP-117,待確認,研發,力鋼,94,69.49
2026/7/1,L266578,C 類,,OP-118,待確認,營運,順發,145,50.21
0724,L262125,A 類,,OP-126,已回報,製造,大宏,24,48.29
6月23日,L268652,B 類,,OP-138,,製造,大宏,24,60.06
6月16日,L268522,其他,合格,OP-145,待確認,營運,順發,198,62.84
0614,L260773,A 類,,OP-135,待確認,營運,大宏,75,5.91
2026/6/16,L264763,C 類,合格,OP-144,,品保,順發,194,0.2
0716,L266626,C 類,合格,OP-101,,研發,大宏,99,31.51
6月2日,L264297,A 類,待處理,OP-115,,營運,東昇,53,21.88
0717,L269141,其他,,OP-134,,品保,順發,213,53.4
2026/7/13,L265381,A 類,合格,OP-110,待確認,營運,東昇,153,93.49
0610,L261776,B 類,已結案,OP-128,,研發,東昇,56,19.09
2026/7/7,L265158,B 類,待處理,OP-119,待確認,品保,永利,5,52.95
2026/7/3,L260565,B 類,,OP-131,待確認,製造,大宏,235,39.55
0624,L264543,C 類,不合格,OP-109,,資材,大宏,50,47.85
7月9日,L260279,其他,已結案,OP-140,已回報,品保,永利,232,41.63
6月1日,L268474,A 類,待處理,OP-105,,資材,捷欣,37,97.12
7月17日,L266721,其他,待處理,OP-136,,品保,東昇,69,30.02
6月10日,L263721,其他,不合格,OP-110,,品保,順發,51,29.65
6月1日,L265894,A 類,已結案,OP-111,,營運,力鋼,179,65.85
2026/6/23,L263812,B 類,,OP-132,,資材,力鋼,180,94.31
0715,L261472,B 類,已結案,OP-109,已回報,研發,力鋼,164,28.19
2026/7/6,L263851,B 類,已結案,OP-105,已回報,品保,力鋼,139,97.13
0604,L266012,C 類,,OP-142,,資材,大宏,30,72.18
6月13日,L267499,其他,不合格,OP-115,,營運,順發,71,2.03
7月2日,L261712,其他,已結案,OP-147,,資材,力鋼,93,75.07
2026/7/8,L262028,B 類,待處理,OP-140,已回報,品保,大宏,106,78.97
7月26日,L265342,B 類,不合格,OP-124,待確認,研發,捷欣,67,72.02
0618,L260249,B 類,,OP-112,,資材,順發,133,83.41
2026/6/14,L267769,A 類,,OP-113,,資材,東昇,159,66.83
0625,L268759,其他,合格,OP-145,,營運,力鋼,50,18.74
0702,L266422,A 類,不合格,OP-140,,製造,東昇,214,84.68
2026/6/7,L262274,A 類,,OP-113,已回報,研發,東昇,216,31.71
0622,L265676,B 類,已結案,OP-110,待確認,營運,力鋼,33,27.39
2026/7/8,L265890,C 類,已結案,OP-117,已回報,營運,永利,97,12.69
2026/6/20,L263828,C 類,,OP-101,,品保,東昇,173,74.61
0705,L267172,B 類,待處理,OP-104,已回報,營運,大宏,167,11.39
6月15日,L263538,C 類,合格,OP-114,,品保,永利,160,77.71
0708,L268453,B 類,合格,OP-128,,營運,捷欣,17,43.82
0625,L263014,C 類,合格,OP-115,,營運,東昇,128,62.49
0618,L264133,C 類,已結案,OP-114,,營運,東昇,26,33.78
0705,L260152,A 類,已結案,OP-117,待確認,製造,力鋼,191,42.98
2026/6/19,L262623,A 類,,OP-106,待確認,研發,永利,51,52.14
6月15日,L264848,C 類,待處理,OP-121,待確認,製造,永利,29,66.13
7月22日,L266356,B 類,,OP-133,待確認,品保,順發,12,1.68
7月24日,L268053,其他,待處理,OP-111,已回報,製造,大宏,67,55.43
6月19日,L269363,C 類,合格,OP-118,已回報,品保,大宏,94,12.64
0613,L264182,C 類,合格,OP-130,,製造,大宏,99,32.7
0608,L260270,C 類,待處理,OP-114,,資材,捷欣,68,16.05
7月1日,L260475,A 類,待處理,OP-107,待確認,研發,捷欣,130,35.65
0624,L262892,B 類,不合格,OP-108,,資材,力鋼,164,75.65
2026/6/6,L262114,B 類,不合格,OP-121,,製造,捷欣,8,17.81
0611,L265840,C 類,待處理,OP-118,已回報,營運,力鋼,177,92.43
0722,L262764,B 類,合格,OP-107,,研發,永利,147,17.36
2026/7/23,L267530,C 類,已結案,OP-104,待確認,製造,力鋼,22,39.22
2026/6/6,L269549,C 類,已結案,OP-110,,資材,永利,31,57.04
2026/7/22,L266321,A 類,已結案,OP-114,,營運,永利,194,12.39
2026/7/14,L269717,C 類,,OP-121,,品保,大宏,141,76.88
6月18日,L260840,其他,合格,OP-148,已回報,品保,力鋼,229,32.81
0621,L267067,A 類,待處理,OP-110,已回報,資材,大宏,138,65.05
0730,L261358,A 類,,OP-120,,品保,大宏,22,0.65
6月22日,L264218,C 類,不合格,OP-103,已回報,製造,力鋼,22,31.33
2026/7/12,L262799,C 類,已結案,OP-110,,研發,東昇,89,6.23
0625,L267077,A 類,已結案,OP-121,,製造,東昇,34,56.64
6月11日,L266534,其他,待處理,OP-145,,品保,力鋼,197,23.12
2026/6/2,L263776,其他,已結案,OP-134,,研發,東昇,13,34.99
6月30日,L261225,其他,合格,OP-124,,品保,大宏,97,85.57
0614,L265675,其他,合格,OP-120,,品保,力鋼,28,61.45
7月5日,L266323,C 類,待處理,OP-121,,資材,東昇,178,43.4
2026/6/17,L267660,其他,待處理,OP-125,,製造,永利,173,27.21
0628,L260028,C 類,已結案,OP-144,待確認,營運,力鋼,76,85.14
7月4日,L263545,A 類,已結案,OP-101,已回報,品保,順發,22,58.95
0614,L260479,C 類,不合格,OP-140,已回報,資材,大宏,27,18.11
2026/7/7,L261069,C 類,待處理,OP-109,已回報,營運,東昇,14,29.72
2026/7/3,L261950,B 類,,OP-144,,製造,力鋼,172,84.0
2026/6/11,L267687,A 類,,OP-128,待確認,製造,順發,78,6.87
0605,L260088,A 類,,OP-113,,製造,東昇,14,68.98
0712,L266227,A 類,,OP-143,,營運,永利,127,62.54
0722,L268863,其他,,OP-138,已回報,資材,永利,82,61.17
2026/7/15,L265152,B 類,,OP-113,,品保,捷欣,59,86.6
7月19日,L262086,C 類,待處理,OP-120,,營運,永利,229,21.59
2026/6/28,L266877,C 類,,OP-132,已回報,研發,順發,45,33.31
6月22日,L265985,A 類,已結案,OP-148,,品保,大宏,101,20.31
0619,L264768,A 類,,OP-103,,品保,東昇,33,38.56
2026/7/18,L263397,B 類,不合格,OP-131,,營運,東昇,7,94.25
6月27日,L262612,A 類,合格,OP-102,,資材,捷欣,147,71.9
7月9日,L264796,B 類,,OP-133,,資材,永利,221,81.18
2026/7/11,L264761,C 類,不合格,OP-148,,資材,東昇,13,70.09
0617,L268776,B 類,不合格,OP-102,,品保,東昇,151,24.62
2026/6/13,L262915,B 類,,OP-101,,營運,捷欣,79,44.19
2026/6/24,L261671,C 類,已結案,OP-136,,研發,永利,33,63.5
0627,L265069,B 類,合格,OP-135,,營運,永利,131,91.12
2026/7/20,L264698,A 類,待處理,OP-110,,品保,大宏,227,7.54
0626,L264264,C 類,已結案,OP-123,待確認,資材,順發,112,36.22
2026/7/7,L264310,C 類,不合格,OP-110,,研發,力鋼,202,80.05
0715,L265767,A 類,不合格,OP-119,,製造,大宏,139,78.15
0715,L262668,B 類,已結案,OP-131,,研發,捷欣,173,58.53
0714,L269955,A 類,,OP-114,已回報,製造,大宏,53,14.86
6月11日,L269537,B 類,合格,OP-134,,製造,捷欣,108,35.9
2026/6/8,L261053,A 類,,OP-127,,品保,大宏,240,32.12
7月12日,L262557,B 類,待處理,OP-145,待確認,品保,東昇,177,83.61
6月18日,L269433,A 類,已結案,OP-143,待確認,資材,捷欣,217,2.51
0604,L260822,其他,合格,OP-106,已回報,製造,永利,140,37.04
7月13日,L263796,其他,,OP-101,,資材,東昇,105,81.59
2026/7/14,L262137,其他,,OP-114,,研發,大宏,70,27.09
0714,L264095,B 類,,OP-129,待確認,資材,東昇,181,51.7
0708,L268056,C 類,待處理,OP-125,待確認,研發,力鋼,10,59.1
2026/6/18,L267252,其他,已結案,OP-137,待確認,營運,東昇,160,71.68
2026/6/10,L264360,其他,,OP-131,已回報,品保,東昇,123,71.95
2026/6/1,L267622,B 類,不合格,OP-143,,資材,順發,89,97.09
2026/7/9,L262814,其他,不合格,OP-102,,製造,永利,6,68.01
0716,L264326,C 類,,OP-101,,品保,東昇,139,6.44
0629,L264877,其他,合格,OP-116,,品保,力鋼,40,51.49
6月13日,L267582,其他,合格,OP-116,,資材,捷欣,154,39.27
2026/7/2,L260991,A 類,,OP-101,待確認,研發,永利,185,73.85
2026/7/29,L269539,B 類,待處理,OP-142,已回報,研發,力鋼,8500.0,48.12
0727,L267155,其他,不合格,OP-140,,製造,捷欣,46,72.45
6月21日,L269425,其他,,OP-108,,製造,力鋼,187,55.82
0727,L268324,A 類,,OP-109,,資材,捷欣,130,16.33
6月8日,L260116,B 類,合格,OP-118,,研發,力鋼,111,23.79
2026/7/29,L264260,其他,待處理,OP-138,,製造,捷欣,23,73.6
0711,L266563,A 類,合格,OP-116,,研發,力鋼,127,63.27
7月29日,L267215,C 類,不合格,OP-138,,資材,力鋼,114,55.63
0717,L267177,C 類,不合格,OP-108,已回報,營運,捷欣,129,17.01
6月4日,L267388,其他,合格,OP-139,已回報,製造,永利,58,63.64
6月28日,L261525,B 類,,OP-123,已回報,製造,捷欣,82,78.55
7月22日,L265025,C 類,,OP-110,已回報,研發,順發,21,97.05
0614,L260013,其他,待處理,OP-118,待確認,研發,東昇,237,82.83
0716,L261324,其他,已結案,OP-112,,製造,順發,126,22.61
6月21日,L269169,A 類,,OP-122,,營運,永利,4,70.28
7月14日,L266713,B 類,,OP-116,,品保,大宏,66,77.4
7月7日,L267047,B 類,合格,OP-111,,製造,順發,87,83.26
0617,L269994,B 類,不合格,OP-136,待確認,製造,順發,182,84.29
0609,L265685,A 類,,OP-137,已回報,品保,順發,181,87.63
0623,L266061,A 類,合格,OP-109,,品保,永利,152,96.92
2026/7/30,L265499,A 類,,OP-128,,品保,順發,224,23.25
6月28日,L264498,其他,,OP-110,已回報,品保,順發,3,93.62
6月1日,L261570,C 類,不合格,OP-133,,營運,永利,25,44.05
2026/6/15,L264652,A 類,不合格,OP-146,待確認,製造,東昇,125,70.46
6月26日,L263869,A 類,,OP-147,待確認,營運,力鋼,193,91.09
2026/7/15,L260534,B 類,,OP-112,,資材,大宏,204,52.82
2026/6/9,L266168,C 類,不合格,OP-101,,研發,順發,77,12.74
0708,L269627,B 類,已結案,OP-139,待確認,品保,永利,59,96.34
7月1日,L265080,A 類,不合格,OP-117,,營運,永利,220,17.43
6月25日,L264946,A 類,不合格,OP-119,,資材,順發,47,22.61
6月14日,L264122,B 類,待處理,OP-123,,營運,捷欣,225,62.07
0604,L263266,C 類,,OP-147,已回報,資材,永利,240,17.98
0619,L267366,B 類,不合格,OP-142,,營運,順發,54,53.33
2026/7/7,L264424,C 類,,OP-125,,研發,大宏,79,33.98
0726,L269739,其他,待處理,OP-105,待確認,資材,永利,143,30.12
7月27日,L265719,C 類,合格,OP-144,,資材,東昇,202,64.26
0603,L269890,B 類,合格,OP-115,,製造,永利,163,86.34
2026/6/17,L262316,其他,已結案,OP-121,,營運,大宏,100,88.42
7月18日,L264647,C 類,不合格,OP-107,已回報,製造,順發,27,20.9
6月15日,L262414,B 類,待處理,OP-142,,品保,順發,102,9.94
0619,L265254,其他,已結案,OP-118,,資材,大宏,26,13.96
0612,L266133,其他,待處理,OP-123,待確認,品保,力鋼,173,58.43
0719,L260799,B 類,,OP-119,已回報,資材,順發,79,87.54
7月3日,L265242,A 類,,OP-102,,製造,順發,97,23.76
2026/7/12,L264897,其他,已結案,OP-128,,研發,大宏,143,89.82
2026/7/16,L268876,B 類,不合格,OP-132,,製造,永利,119,70.98
0601,L269946,C 類,,OP-135,已回報,研發,捷欣,18,74.1
7月17日,L260633,B 類,待處理,OP-137,,研發,力鋼,37,84.09
2026/6/11,L260542,A 類,合格,OP-123,,營運,捷欣,43,13.97
0622,L267489,B 類,,OP-113,,營運,力鋼,2,10.56
0707,L265825,B 類,已結案,OP-111,,研發,順發,136,78.28
2026/6/30,L264550,C 類,合格,OP-109,已回報,製造,捷欣,73,29.5
7月30日,L268114,A 類,,OP-130,待確認,資材,永利,5,72.57
7月21日,L261013,A 類,不合格,OP-115,,製造,大宏,84,51.99
2026/7/3,L262971,B 類,不合格,OP-117,,資材,力鋼,45,12.94
2026/7/21,L265766,C 類,不合格,OP-110,,研發,順發,55,49.02
6月28日,L262559,其他,不合格,OP-121,已回報,營運,力鋼,115,57.88
2026/7/27,L266656,A 類,不合格,OP-135,,研發,永利,87,57.05
2026/7/11,L266898,其他,不合格,OP-131,,研發,永利,160,90.09
2026/6/24,L261810,A 類,待處理,OP-142,,資材,力鋼,175,21.29
7月27日,L263114,C 類,已結案,OP-108,,品保,力鋼,232,69.93
0622,L260081,A 類,已結案,OP-112,待確認,製造,力鋼,206,92.4
6月9日,L266494,A 類,已結案,OP-118,,營運,力鋼,19,54.34
0622,L262433,C 類,已結案,OP-120,,品保,順發,147,47.34
2026/7/25,L264813,C 類,合格,OP-136,,資材,永利,48,1.81
0605,L269461,其他,已結案,OP-146,,資材,捷欣,16,76.39
0701,L262050,其他,不合格,OP-136,,研發,東昇,238,70.58
2026/6/20,L260044,A 類,待處理,OP-127,,資材,順發,12,93.92
2026/6/2,L266649,A 類,合格,OP-121,,品保,永利,185,82.09
2026/7/1,L266111,C 類,待處理,OP-140,待確認,資材,力鋼,18,54.58
0703,L269981,B 類,待處理,OP-141,已回報,研發,永利,72,91.42
0616,L265411,其他,不合格,OP-113,,品保,力鋼,111,61.13
2026/6/2,L265399,C 類,,OP-127,已回報,營運,永利,213,5.05
2026/6/26,L267733,其他,待處理,OP-129,已回報,資材,大宏,163,88.7
6月24日,L266991,C 類,,OP-115,,營運,力鋼,69,79.43
2026/6/12,L264375,A 類,不合格,OP-147,待確認,製造,捷欣,82,93.42
6月22日,L263182,其他,不合格,OP-143,,品保,永利,21,26.95
0713,L263344,A 類,,OP-114,,製造,力鋼,118,52.64
2026/7/28,L263457,其他,,OP-127,待確認,品保,大宏,212,12.13
2026/6/10,L266659,C 類,合格,OP-109,,品保,力鋼,122,24.1
7月17日,L263474,其他,,OP-112,,品保,捷欣,85,66.39
6月2日,L268779,B 類,不合格,OP-135,,製造,捷欣,171,92.59
2026/6/13,L265763,C 類,已結案,OP-125,,製造,力鋼,49,52.0
0603,L267495,A 類,,OP-127,,品保,順發,38,96.23
7月11日,L269988,C 類,,OP-128,,研發,大宏,13,84.57
2026/6/29,L264646,C 類,,OP-105,,營運,力鋼,166,85.9
6月10日,L263613,其他,合格,OP-119,,營運,大宏,229,16.19
2026/6/4,L269982,A 類,,OP-137,,資材,大宏,34,84.25
7月22日,L268964,B 類,,OP-127,,品保,永利,230,51.62
2026/7/21,L268893,C 類,,OP-132,,製造,東昇,26,96.58
6月2日,L263854,A 類,合格,OP-106,,研發,大宏,196,97.77
2026/7/2,L260727,其他,待處理,OP-114,,品保,順發,213,12.37
0722,L263664,其他,,OP-113,,營運,力鋼,68,9.06
2026/7/11,L269695,B 類,待處理,OP-140,,營運,永利,90,94.92
2026/7/18,L266611,A 類,,OP-107,已回報,資材,捷欣,54,41.82
6月13日,L267987,其他,已結案,OP-126,,製造,永利,14,71.68
2026/6/11,L262864,C 類,待處理,OP-109,,營運,永利,99,14.11
0711,L266579,B 類,合格,OP-119,,製造,東昇,19,56.32
0720,L265414,其他,不合格,OP-112,,資材,捷欣,206,64.49
2026/6/7,L268918,B 類,待處理,OP-122,待確認,品保,捷欣,57,84.93
2026/7/23,L264061,C 類,合格,OP-125,,品保,東昇,93,96.89
2026/7/12,L260778,A 類,,OP-148,,品保,大宏,103,52.96
6月19日,L264462,其他,,OP-102,,製造,東昇,184,34.04
2026/7/11,L269279,其他,已結案,OP-125,,品保,永利,87,80.42
7月27日,L263066,A 類,待處理,OP-117,,研發,大宏,16,73.57
7月22日,L268573,C 類,待處理,OP-111,待確認,營運,大宏,174,46.32
2026/6/26,L268810,A 類,待處理,OP-135,,資材,永利,84,5.05
6月7日,L261995,A 類,,OP-122,,品保,東昇,50,90.46
6月15日,L263178,A 類,,OP-133,,品保,大宏,225,9.24
7月10日,L269292,其他,合格,OP-110,,品保,永利,107,49.96
6月25日,L267364,其他,,OP-111,待確認,製造,東昇,13,39.11
2026/6/5,L263444,A 類,,OP-106,,營運,東昇,79,92.18
6月1日,L261552,B 類,合格,OP-120,,研發,力鋼,203,13.59
0609,L268237,C 類,待處理,OP-111,已回報,研發,順發,230,93.2
7月25日,L260765,其他,待處理,OP-101,待確認,資材,力鋼,14,3.25
6月29日,L268630,C 類,,OP-111,待確認,研發,大宏,232,10.65
6月7日,L266197,A 類,待處理,OP-119,已回報,品保,順發,203,57.89
7月9日,L262873,A 類,待處理,OP-148,,品保,大宏,137,86.98
0709,L268199,A 類,合格,OP-110,待確認,製造,東昇,22,14.82
0716,L267987,C 類,,OP-129,,品保,東昇,146,77.62
2026/7/1,L264067,A 類,已結案,OP-128,待確認,研發,東昇,158,49.08
0707,L265781,C 類,待處理,OP-142,待確認,資材,永利,238,82.9
6月16日,L261493,A 類,不合格,OP-123,已回報,品保,永利,155,33.57
2026/6/29,L269014,C 類,合格,OP-131,待確認,品保,東昇,233,89.75
7月17日,L267036,C 類,,OP-139,待確認,資材,捷欣,184,54.07
2026/7/12,L264086,其他,,OP-139,,研發,順發,192,51.02
2026/6/30,L267429,B 類,,OP-128,已回報,營運,永利,157,8.1
0616,L263628,A 類,待處理,OP-120,待確認,營運,東昇,203,5.13
6月21日,L261931,其他,待處理,OP-121,待確認,品保,捷欣,171,26.42
0715,L268925,其他,不合格,OP-123,,資材,順發,170,14.91
6月1日,L265147,A 類,不合格,OP-148,待確認,製造,大宏,77,64.97
2026/7/6,L263598,B 類,已結案,OP-126,,品保,捷欣,163,44.91
0723,L263980,A 類,,OP-122,待確認,品保,捷欣,96,34.65
7月17日,L260212,A 類,待處理,OP-105,,製造,大宏,148,82.62
0708,L265196,其他,不合格,OP-129,,品保,捷欣,83,77.49
0617,L265444,C 類,待處理,OP-108,,資材,大宏,42,97.64
0728,L268599,C 類,合格,OP-147,,製造,順發,151,13.13
7月28日,L263393,B 類,,OP-122,已回報,製造,東昇,75,30.75
7月17日,L267635,A 類,合格,OP-113,,營運,永利,125,95.23
0606,L262851,其他,不合格,OP-117,,營運,東昇,51,74.79
0621,L268814,B 類,待處理,OP-111,已回報,營運,大宏,193,53.5
6月8日,L264991,其他,合格,OP-141,待確認,營運,永利,42,3.24
0703,L264362,C 類,不合格,OP-113,待確認,資材,永利,185,59.8
0610,L267238,B 類,已結案,OP-116,已回報,製造,東昇,78,14.3
2026/6/4,L268348,A 類,,OP-124,,資材,永利,147,70.75
7月7日,L262787,C 類,不合格,OP-128,,製造,順發,234,96.72
0718,L262352,其他,不合格,OP-128,,資材,大宏,218,57.97
6月18日,L264999,C 類,已結案,OP-146,,研發,大宏,218,39.46
0712,L263378,其他,不合格,OP-116,,研發,永利,219,8.79
6月2日,L266622,B 類,,OP-101,,製造,捷欣,51,23.98
2026/6/13,L265319,其他,,OP-143,已回報,研發,永利,170,87.53
6月12日,L264384,其他,合格,OP-109,待確認,營運,永利,16,3.22
7月1日,L261221,其他,不合格,OP-101,,製造,大宏,86,65.55
2026/6/1,L268847,其他,,OP-133,待確認,製造,捷欣,52,92.92
6月30日,L268856,A 類,待處理,OP-120,,品保,大宏,24,31.98
2026/6/18,L266222,A 類,合格,OP-117,,資材,順發,47,82.69
2026/6/12,L268213,其他,合格,OP-128,待確認,研發,力鋼,98,87.42
0619,L265344,其他,已結案,OP-105,待確認,資材,大宏,137,46.63
2026/6/10,L268115,其他,合格,OP-131,,營運,順發,57,62.63
0710,L268733,A 類,待處理,OP-133,,製造,永利,68,79.29
0705,L263956,A 類,已結案,OP-101,,製造,順發,176,30.07
6月20日,L265223,C 類,合格,OP-116,,資材,大宏,161,95.39
0620,L264363,A 類,合格,OP-137,已回報,品保,東昇,234,75.75
2026/6/20,L261065,C 類,合格,OP-137,,品保,力鋼,27,51.76
6月14日,L267654,A 類,待處理,OP-109,待確認,品保,順發,108,87.78
0718,L268797,其他,合格,OP-137,待確認,品保,力鋼,28,81.49
2026/7/22,L264611,其他,合格,OP-143,,資材,順發,83,48.02
2026/7/8,L268031,其他,,OP-130,,製造,順發,226,63.3
0621,L260770,B 類,已結案,OP-141,,資材,捷欣,9,12.8
6月23日,L264526,A 類,合格,OP-110,已回報,製造,永利,191,6.59
0621,L266884,A 類,,OP-127,待確認,資材,力鋼,146,21.88
0627,L263467,其他,不合格,OP-140,待確認,資材,捷欣,58,26.66
0614,L264924,其他,,OP-145,待確認,研發,力鋼,139,30.59
2026/7/12,L264897,其他,已結案,OP-128,,研發,大宏,143,89.82
6月7日,L266970,A 類,,OP-124,,品保,永利,65,92.91
7月12日,L267267,C 類,待處理,OP-120,待確認,資材,力鋼,208,86.62
2026/6/2,L264514,B 類,,OP-132,,資材,東昇,78,65.51
0716,L262077,C 類,待處理,OP-148,待確認,研發,力鋼,167,86.72
0709,L268671,A 類,不合格,OP-121,待確認,品保,東昇,135,62.25
0724,L268137,B 類,,OP-106,已回報,資材,永利,214,74.88
7月22日,L260266,C 類,,OP-141,,資材,順發,12,76.52
6月26日,L265028,其他,待處理,OP-137,,研發,大宏,12,54.25
6月8日,L263815,C 類,合格,OP-141,已回報,製造,大宏,136,86.45
0618,L267329,其他,合格,OP-103,已回報,研發,力鋼,70,75.29
0622,L269680,其他,合格,OP-146,,製造,力鋼,217,39.39
0705,L267792,C 類,待處理,OP-121,已回報,研發,大宏,43,64.81
6月16日,L261688,其他,,OP-136,已回報,資材,力鋼,199,80.23
0621,L261945,A 類,合格,OP-105,,資材,捷欣,216,16.25
7月8日,L266549,C 類,,OP-133,,營運,永利,142,75.59
2026/6/23,L262182,其他,已結案,OP-109,,營運,大宏,239,63.25
2026/7/6,L262374,其他,待處理,OP-110,已回報,製造,大宏,87,7.38
6月5日,L268042,B 類,待處理,OP-101,,研發,順發,146,54.76
7月4日,L264665,A 類,已結案,OP-108,,品保,順發,149,92.74
7月2日,L263569,C 類,不合格,OP-106,,製造,力鋼,160,28.21
2026/7/21,L264557,B 類,已結案,OP-139,,營運,順發,200,80.29
2026/7/1,L266345,A 類,合格,OP-113,,營運,力鋼,48,72.06
6月15日,L265715,其他,,OP-108,已回報,研發,東昇,62,78.91
7月2日,L267692,B 類,已結案,OP-104,,研發,捷欣,116,62.14
7月6日,L268538,其他,合格,OP-138,,品保,力鋼,12,7.71
2026/6/11,L269966,B 類,合格,OP-139,待確認,資材,大宏,3,51.46
2026/7/20,L264698,A 類,待處理,OP-110,,品保,大宏,227,7.54
0619,L269160,C 類,已結案,OP-146,已回報,製造,大宏,113,2.31
6月30日,L264325,A 類,已結案,OP-124,,營運,順發,163,87.54
6月19日,L260736,B 類,,OP-136,待確認,品保,東昇,130,40.68
7月29日,L260139,C 類,合格,OP-112,,品保,永利,158,72.02
2026/7/28,L265866,其他,,OP-141,待確認,營運,捷欣,48,27.2
2026/6/10,L263335,A 類,已結案,OP-142,待確認,製造,大宏,102,55.47
2026/7/30,L264239,B 類,合格,OP-109,,研發,大宏,40,94.16
2026/7/25,L268532,A 類,合格,OP-139,,營運,永利,162,68.93
6月6日,L269815,B 類,,OP-131,,研發,順發,106,8.96
2026/7/4,L265216,C 類,待處理,OP-132,,品保,大宏,2,22.59
7月10日,L261554,C 類,,OP-142,,資材,永利,87,16.84
7月4日,L261536,B 類,不合格,OP-107,待確認,研發,大宏,52,39.56
2026/6/22,L267181,C 類,,OP-124,,品保,永利,102,33.38
0723,L263733,B 類,合格,OP-126,,製造,捷欣,206,63.46
2026/7/20,L261425,C 類,合格,OP-127,,品保,順發,58,67.22
0601,L263316,A 類,待處理,OP-133,,品保,永利,15,91.7
6月7日,L269582,A 類,,OP-122,,製造,永利,111,14.23
6月24日,L265040,B 類,合格,OP-128,已回報,營運,捷欣,92,92.93
0625,L266727,A 類,已結案,OP-114,待確認,品保,力鋼,218,1.92
0606,L269850,A 類,合格,OP-104,,研發,東昇,20,59.07
6月20日,L264222,A 類,不合格,OP-114,已回報,營運,捷欣,229,77.1
2026/6/29,L260560,C 類,已結案,OP-123,,製造,順發,81,92.75
2026/6/30,L268983,C 類,已結案,OP-113,,品保,捷欣,26,71.38
2026/7/7,L263728,C 類,,OP-111,待確認,製造,力鋼,151,25.43
2026/6/9,L263661,其他,已結案,OP-121,,資材,順發,111,41.68
0718,L265774,C 類,,OP-136,待確認,研發,永利,142,66.71
2026/7/9,L264988,C 類,,OP-108,待確認,資材,順發,78,40.88
2026/7/26,L262852,其他,不合格,OP-108,待確認,營運,大宏,136,85.92
0730,L266998,其他,,OP-112,,研發,永利,84,62.23
2026/7/1,L265087,B 類,,OP-129,,營運,東昇,105,0.9
2026/7/14,L267669,A 類,,OP-117,已回報,資材,永利,161,0.93
6月13日,L260022,A 類,不合格,OP-109,,研發,捷欣,175,36.41
0707,L261580,B 類,不合格,OP-110,已回報,資材,順發,98,85.75
7月22日,L264289,A 類,,OP-119,待確認,研發,捷欣,52,40.82
7月22日,L267438,C 類,合格,OP-123,已回報,營運,力鋼,106,30.18
2026/7/24,L268775,B 類,待處理,OP-123,,營運,東昇,52,18.96
0630,L265169,A 類,待處理,OP-130,已回報,研發,大宏,49,13.52
2026/7/17,L267326,其他,不合格,OP-112,待確認,品保,大宏,28,84.2
2026/7/14,L269963,B 類,待處理,OP-101,,品保,順發,200,9.92
6月17日,L265755,A 類,已結案,OP-135,,資材,順發,90,55.34
0707,L261687,B 類,合格,OP-110,,品保,捷欣,137,21.55
0628,L260088,A 類,,OP-127,,品保,大宏,228,78.85
2026/6/18,L261720,B 類,,OP-130,,資材,永利,180,41.71
2026/7/22,L266586,其他,不合格,OP-111,,製造,東昇,191,30.04
2026/6/1,L267527,A 類,待處理,OP-124,待確認,研發,大宏,139,2.96
0716,L264724,C 類,,OP-121,已回報,研發,力鋼,215,19.44
2026/7/16,L268279,B 類,不合格,OP-118,已回報,研發,捷欣,207,29.51
6月14日,L269115,C 類,待處理,OP-102,,製造,捷欣,123,93.88
7月13日,L267352,A 類,,OP-138,,資材,東昇,148,92.1
2026/6/8,L260496,B 類,,OP-104,,資材,永利,76,34.95
0606,L261134,其他,合格,OP-107,待確認,資材,東昇,183,72.0
0608,L260332,B 類,合格,OP-137,已回報,製造,捷欣,208,32.83
6月14日,L263123,B 類,不合格,OP-146,,營運,捷欣,124,2.25
0723,L268271,C 類,合格,OP-137,,營運,永利,133,91.79
7月4日,L269562,其他,不合格,OP-115,已回報,研發,東昇,68,41.04
0620,L265711,A 類,合格,OP-144,待確認,資材,捷欣,126,30.44
6月16日,L261056,C 類,不合格,OP-116,,營運,順發,63,71.9
0629,L263842,A 類,,OP-148,已回報,資材,順發,19500.0,70.9
0611,L267879,C 類,,OP-114,已回報,製造,順發,2,73.23
0701,L268670,其他,待處理,OP-116,待確認,製造,捷欣,31,20.51
2026/6/1,L264419,A 類,,OP-141,已回報,營運,東昇,54,32.23
6月6日,L261692,其他,,OP-118,,研發,大宏,166,6.61
2026/7/16,L264085,B 類,不合格,OP-128,待確認,營運,順發,85,9.26
7月28日,L263324,C 類,不合格,OP-114,已回報,資材,順發,94,36.08
0620,L263929,其他,已結案,OP-115,待確認,品保,順發,85,45.12
0614,L267672,B 類,待處理,OP-117,待確認,製造,大宏,66,14.54
0614,L262625,C 類,不合格,OP-117,已回報,品保,東昇,194,47.9
7月12日,L263367,B 類,待處理,OP-127,,製造,大宏,219,71.27
2026/7/20,L263664,其他,不合格,OP-105,待確認,研發,力鋼,64,80.69
2026/7/16,L260891,A 類,合格,OP-108,待確認,品保,大宏,3,82.66
0612,L260019,C 類,合格,OP-127,,資材,力鋼,30,94.31
2026/6/19,L264584,B 類,不合格,OP-147,,品保,力鋼,224,61.09
0621,L265025,A 類,待處理,OP-132,,品保,永利,79,7.12
7月4日,L261431,B 類,合格,OP-121,,品保,永利,104,53.52
0624,L260674,B 類,已結案,OP-125,已回報,資材,順發,143,77.04
0708,L268484,A 類,待處理,OP-140,已回報,研發,力鋼,153,85.18
6月28日,L265113,C 類,合格,OP-110,,營運,大宏,143,84.54
0708,L266568,C 類,合格,OP-148,待確認,營運,力鋼,21900.0,16.4
0704,L264615,A 類,待處理,OP-118,,品保,東昇,229,50.1
2026/7/12,L262563,其他,,OP-123,已回報,品保,永利,133,95.73
0618,L267470,B 類,已結案,OP-105,,資材,東昇,66,24.3
0725,L265790,其他,合格,OP-134,,品保,捷欣,156,24.16
6月1日,L262119,A 類,已結案,OP-134,,營運,力鋼,138,45.29
0727,L267891,其他,待處理,OP-144,已回報,資材,大宏,227,20.07
2026/6/22,L269441,C 類,合格,OP-107,,研發,順發,226,78.27
2026/7/13,L262256,A 類,,OP-115,,資材,大宏,235,41.91
6月8日,L265326,A 類,不合格,OP-124,,研發,大宏,28,67.04
2026/7/28,L260924,其他,不合格,OP-126,待確認,品保,東昇,106,91.0
7月16日,L261026,其他,已結案,OP-143,,資材,力鋼,11,13.68
0629,L263690,B 類,待處理,OP-118,,研發,大宏,185,80.4
0622,L264684,B 類,,OP-142,,營運,永利,7,51.24
7月1日,L263716,其他,待處理,OP-121,已回報,研發,大宏,90,30.84
7月14日,L268045,B 類,待處理,OP-125,,資材,永利,154,42.46
0716,L262263,C 類,,OP-117,,營運,大宏,48,43.83
0703,L269396,其他,已結案,OP-144,,研發,順發,150,85.22
2026/6/11,L264632,B 類,,OP-104,已回報,營運,捷欣,60,59.93
2026/7/30,L266899,B 類,待處理,OP-132,,資材,力鋼,135,10.22
7月25日,L260191,C 類,合格,OP-134,,資材,力鋼,39,30.42
2026/6/2,L268023,C 類,待處理,OP-126,,資材,東昇,63,73.64
0619,L269377,C 類,已結案,OP-134,待確認,製造,力鋼,186,87.9
0729,L267875,A 類,,OP-111,,研發,力鋼,176,53.6
7月2日,L266724,A 類,合格,OP-123,,營運,大宏,182,11.65
0622,L268538,其他,,OP-136,已回報,營運,永利,161,68.87
6月11日,L268090,B 類,不合格,OP-130,待確認,品保,永利,115,96.14
7月1日,L262850,其他,,OP-135,,品保,順發,213,94.56
2026/6/28,L267787,B 類,待處理,OP-117,已回報,研發,力鋼,190,33.19
2026/6/28,L264411,B 類,合格,OP-134,,品保,東昇,177,27.74
2026/7/11,L262843,A 類,合格,OP-104,,研發,大宏,69,89.02
0705,L260471,其他,合格,OP-109,,研發,捷欣,240,83.32
7月18日,L262564,其他,,OP-139,,研發,順發,142,39.33
2026/6/9,L269744,A 類,已結案,OP-125,,資材,力鋼,168,78.57
2026/7/4,L265148,A 類,待處理,OP-127,,製造,大宏,34,3.73
7月8日,L268946,其他,已結案,OP-122,待確認,製造,大宏,106,34.88
0607,L266617,其他,不合格,OP-129,待確認,研發,捷欣,110,16.14
7月1日,L264177,A 類,不合格,OP-148,已回報,研發,順發,179,2.87
6月21日,L267928,A 類,,OP-141,已回報,製造,大宏,24,8.74
2026/7/23,L263354,其他,已結案,OP-117,,營運,捷欣,79,74.06
2026/6/25,L264681,C 類,,OP-133,待確認,資材,順發,91,76.44
0613,L260814,其他,,OP-143,待確認,資材,永利,211,86.22
6月15日,L269314,C 類,已結案,OP-145,,製造,捷欣,183,96.85
0615,L268072,其他,合格,OP-101,,品保,永利,170,42.7
2026/7/22,L269143,A 類,不合格,OP-146,,營運,捷欣,133,77.07
2026/6/10,L267041,C 類,合格,OP-121,,品保,順發,225,87.55
2026/6/5,L260238,A 類,待處理,OP-116,已回報,資材,大宏,6,57.27
7月23日,L263878,A 類,,OP-148,,研發,東昇,218,82.21
0712,L267118,B 類,合格,OP-120,,研發,東昇,22,91.97
0718,L267512,其他,已結案,OP-115,,營運,順發,229,62.23
2026/6/3,L267212,A 類,,OP-122,,營運,東昇,21,97.88
6月4日,L261892,C 類,待處理,OP-141,待確認,品保,捷欣,174,89.55
6月26日,L267937,A 類,待處理,OP-133,待確認,資材,捷欣,188,42.81
6月2日,L264793,其他,待處理,OP-142,已回報,製造,順發,58,46.6
0728,L268724,C 類,不合格,OP-107,待確認,研發,捷欣,147,71.19
0630,L269747,其他,待處理,OP-128,,營運,捷欣,178,95.1
7月10日,L260584,B 類,待處理,OP-117,,製造,永利,238,7.44
7月30日,L262397,A 類,已結案,OP-103,待確認,製造,大宏,69,8.23
2026/6/27,L264118,其他,,OP-146,,品保,永利,23,9.46
0713,L264943,其他,待處理,OP-105,待確認,製造,捷欣,238,85.74
2026/6/15,L269287,B 類,已結案,OP-126,,營運,順發,102,12.0
2026/6/10,L269671,C 類,已結案,OP-138,,研發,捷欣,2,9.0
0617,L264722,A 類,不合格,OP-146,,製造,順發,228,55.75
7月23日,L266626,其他,待處理,OP-146,,營運,力鋼,112,84.86
0609,L268457,A 類,,OP-142,,資材,永利,67,4.13
0621,L265615,B 類,已結案,OP-127,已回報,營運,捷欣,131,9.68
0614,L269798,其他,合格,OP-143,,品保,永利,93,53.6
2026/7/27,L264663,C 類,已結案,OP-102,,品保,順發,94,66.76
0620,L268931,A 類,待處理,OP-120,待確認,品保,東昇,57,18.56
2026/7/28,L268466,B 類,合格,OP-133,,研發,力鋼,35,84.42
2026/6/28,L267699,A 類,不合格,OP-106,,營運,力鋼,213,33.09
0601,L269367,B 類,,OP-119,待確認,研發,捷欣,150,72.24
6月16日,L265178,C 類,合格,OP-105,,營運,捷欣,116,84.37
2026/7/22,L263619,其他,,OP-113,,研發,東昇,27,69.72
0711,L266464,A 類,不合格,OP-107,已回報,資材,大宏,11,94.52
2026/7/3,L262290,B 類,,OP-134,,品保,東昇,41,1.22
0706,L262086,其他,已結案,OP-113,,製造,力鋼,110,2.08
0625,L265232,A 類,已結案,OP-113,已回報,資材,永利,219,25.02
2026/6/9,L265760,B 類,不合格,OP-131,,品保,捷欣,205,83.85
7月11日,L261729,C 類,,OP-147,,資材,東昇,118,17.36
7月14日,L263213,A 類,已結案,OP-127,,製造,捷欣,174,91.95
2026/7/4,L262286,B 類,,OP-117,已回報,研發,力鋼,197,18.02
0604,L261099,C 類,待處理,OP-140,待確認,品保,捷欣,183,57.13
0610,L265415,C 類,已結案,OP-108,待確認,資材,力鋼,201,77.54
2026/6/19,L260562,A 類,已結案,OP-127,待確認,研發,順發,100.0,44.06
2026/6/13,L265851,C 類,已結案,OP-111,,品保,捷欣,101,16.06
2026/6/20,L262719,B 類,,OP-142,已回報,製造,力鋼,231,88.83
7月21日,L260670,C 類,不合格,OP-124,,資材,力鋼,216,73.87
2026/7/24,L268826,C 類,,OP-102,,營運,永利,136,95.84
2026/7/29,L260619,C 類,合格,OP-131,,資材,大宏,212,1.71
2026/7/9,L268911,B 類,已結案,OP-124,已回報,品保,東昇,83,85.6
2026/6/10,L267744,C 類,,OP-134,,品保,順發,101,45.13
6月4日,L260978,A 類,已結案,OP-130,已回報,研發,順發,205,72.9
2026/6/19,L268233,C 類,,OP-132,,資材,順發,35,59.81
6月13日,L264483,A 類,待處理,OP-143,待確認,品保,永利,240,37.07
2026/6/7,L261020,C 類,,OP-103,已回報,研發,捷欣,130,27.38
7月20日,L261826,B 類,已結案,OP-140,,資材,大宏,100,94.03
6月23日,L267428,B 類,已結案,OP-118,,品保,東昇,147,46.45
2026/6/2,L261543,C 類,,OP-135,,營運,力鋼,26,89.01
7月9日,L268087,A 類,不合格,OP-118,,品保,順發,145,74.6
7月28日,L268710,A 類,,OP-117,,研發,力鋼,165,42.68
2026/7/16,L264646,C 類,,OP-102,,製造,捷欣,171,88.0
6月22日,L265535,B 類,,OP-102,,研發,大宏,66,66.36
0625,L266595,A 類,待處理,OP-147,已回報,營運,大宏,205,64.19
6月10日,L262119,B 類,不合格,OP-143,,製造,東昇,6,68.41
6月20日,L267613,其他,,OP-139,,製造,力鋼,69,27.68
2026/7/16,L264287,B 類,合格,OP-113,待確認,品保,力鋼,30,13.57
7月27日,L260117,B 類,,OP-116,待確認,研發,永利,68,47.89
2026/7/28,L262892,其他,,OP-144,已回報,品保,捷欣,181,29.14
0616,L261986,A 類,,OP-135,,品保,力鋼,25,33.77
2026/6/21,L260079,C 類,,OP-129,,製造,永利,49,87.13
0714,L265688,其他,已結案,OP-141,,製造,大宏,89,34.56
2026/7/30,L264698,其他,,OP-117,,資材,大宏,240,56.51
0621,L269051,B 類,不合格,OP-117,待確認,製造,大宏,130,28.68
0630,L260584,A 類,待處理,OP-124,,營運,捷欣,213,27.49
2026/6/21,L260561,其他,,OP-120,,資材,順發,152,64.08
7月23日,L265150,B 類,待處理,OP-128,待確認,製造,大宏,108,56.24
0618,L263449,C 類,已結案,OP-110,,資材,永利,184,0.97
2026/6/29,L260475,A 類,不合格,OP-103,,研發,永利,201,28.68
7月29日,L260551,B 類,已結案,OP-111,,營運,大宏,231,79.34
0612,L268236,其他,,OP-125,,製造,捷欣,3,83.87
2026/7/30,L269866,其他,已結案,OP-104,,製造,永利,161,29.63
2026/6/12,L260636,B 類,已結案,OP-131,,營運,大宏,173,55.45
2026/7/3,L264916,A 類,,OP-105,待確認,品保,力鋼,79,81.38
6月19日,L267227,C 類,,OP-131,,資材,捷欣,49,41.5
2026/6/21,L266821,B 類,待處理,OP-108,,營運,永利,61,83.67
7月10日,L260749,C 類,不合格,OP-121,待確認,營運,大宏,169,52.97
7月9日,L260259,C 類,,OP-109,,研發,東昇,97,41.41
2026/6/23,L260071,其他,不合格,OP-120,已回報,資材,永利,41,34.09
6月10日,L266785,C 類,合格,OP-112,,研發,東昇,77,72.47
6月13日,L262487,其他,,OP-109,待確認,製造,大宏,42,43.38
2026/7/16,L263178,C 類,合格,OP-106,,研發,捷欣,145,88.65
2026/7/26,L262658,A 類,合格,OP-128,待確認,製造,順發,99,94.2
2026/7/16,L263233,A 類,已結案,OP-107,待確認,研發,大宏,57,33.13
0715,L269576,C 類,,OP-136,已回報,品保,捷欣,29,33.91
7月14日,L267653,C 類,,OP-129,已回報,研發,永利,64,74.85
7月8日,L268415,其他,合格,OP-144,待確認,研發,捷欣,59,45.84
0616,L263489,B 類,待處理,OP-113,,品保,永利,102,33.56
7月10日,L265174,A 類,待處理,OP-102,待確認,營運,永利,233,42.45
7月2日,L264974,其他,待處理,OP-118,待確認,品保,大宏,150,21.22
6月2日,L260891,其他,,OP-146,已回報,資材,順發,213,19.53
2026/7/29,L261615,A 類,合格,OP-102,待確認,營運,順發,117,1.0
2026/6/28,L262881,C 類,已結案,OP-140,待確認,資材,東昇,144,25.64
7月1日,L262486,A 類,,OP-103,待確認,營運,捷欣,228,73.47
2026/7/30,L263118,B 類,合格,OP-146,,製造,捷欣,138,21.34
2026/6/2,L269922,A 類,已結案,OP-116,待確認,研發,大宏,124,89.18
0609,L265561,其他,待處理,OP-122,已回報,研發,大宏,70,45.61
0601,L261195,B 類,,OP-110,,研發,力鋼,181,95.46
6月29日,L260087,C 類,已結案,OP-101,待確認,品保,大宏,240,6.91
2026/6/26,L268643,A 類,已結案,OP-138,,製造,捷欣,170,56.29
0603,L261682,C 類,已結案,OP-132,已回報,研發,捷欣,117,92.98
0708,L265075,B 類,,OP-147,待確認,資材,大宏,64,81.12
0723,L263540,其他,,OP-122,已回報,研發,永利,31,80.46
6月21日,L265985,B 類,不合格,OP-110,,製造,力鋼,230,57.71
0601,L268918,A 類,不合格,OP-129,已回報,研發,力鋼,11,79.32
6月26日,L264531,C 類,已結案,OP-135,已回報,製造,順發,218,15.7
7月6日,L265143,C 類,合格,OP-102,,營運,力鋼,125,19.72
2026/6/27,L263512,A 類,已結案,OP-129,,研發,東昇,65,5.29
2026/7/25,L269457,其他,合格,OP-103,,研發,大宏,129,26.42
6月20日,L264725,A 類,合格,OP-130,,研發,大宏,58,31.41
2026/7/3,L264789,C 類,,OP-143,,營運,捷欣,103,43.04
0619,L265315,B 類,不合格,OP-131,已回報,品保,捷欣,203,41.56
0629,L269127,C 類,不合格,OP-114,已回報,研發,力鋼,182,26.89
2026/6/16,L264095,A 類,,OP-131,,營運,順發,39,11.3
2026/7/5,L260396,其他,合格,OP-110,,資材,永利,111,52.62
6月16日,L269685,A 類,不合格,OP-137,,製造,力鋼,177,73.16
7月29日,L261419,其他,,OP-108,,資材,東昇,238,21.97
0721,L265839,A 類,,OP-108,,營運,力鋼,34,66.17
2026/6/2,L262750,C 類,合格,OP-114,待確認,製造,永利,46,44.47
0624,L264718,A 類,合格,OP-145,待確認,研發,東昇,129,49.83
7月8日,L269577,其他,不合格,OP-124,待確認,資材,力鋼,86,40.57
0610,L263755,C 類,不合格,OP-146,已回報,資材,捷欣,13,10.2
7月26日,L266787,A 類,,OP-144,待確認,品保,捷欣,233,17.46
0613,L266097,C 類,,OP-146,已回報,品保,捷欣,47,37.14
2026/6/28,L268611,C 類,,OP-128,,營運,永利,11,79.34
2026/7/21,L263449,C 類,,OP-107,,營運,捷欣,204,54.94
2026/7/29,L267525,C 類,合格,OP-127,待確認,研發,永利,83,41.36
2026/7/18,L261471,A 類,,OP-133,,營運,永利,171,10.57
0603,L264995,A 類,已結案,OP-147,,資材,大宏,24,86.67
2026/6/27,L262638,其他,合格,OP-126,,品保,大宏,143,71.69
2026/7/27,L264549,C 類,合格,OP-132,,製造,順發,155,8.13
7月22日,L265239,其他,待處理,OP-129,,營運,順發,169,60.17
0630,L262547,B 類,待處理,OP-109,,製造,捷欣,228,2.75
0707,L264126,C 類,已結案,OP-134,,品保,順發,123,17.11
2026/7/12,L265934,其他,待處理,OP-127,,研發,順發,77,18.55
2026/6/22,L265369,B 類,合格,OP-105,,品保,永利,34,52.09
0611,L268226,B 類,合格,OP-125,已回報,營運,順發,8,84.62
2026/6/8,L265456,B 類,合格,OP-142,待確認,資材,永利,198,68.7
